time,TDryBul,relHum,pAtm,HGloHor,HDifHor,winSpe,winDir
0,300.35,0.91,100877,0.0,0.0,1.6,0.0
3600,301.45,0.87,100836,0.0,0.0,0.7,0.0
7200,301.15,0.9,100673,0.0,0.0,0.7,0.0
10800,301.35,0.86,100543,0.0,0.0,2.0,0.0
14400,301.35,0.91,100637,0.0,0.0,1.3,0.0
18000,299.25,0.94,101056,0.0,0.0,1.3,0.0
21600,301.65,0.87,101020,0.0,0.0,1.7,0.0
25200,299.65,0.89,100882,0.0,0.0,0.7,0.0
28800,299.05,0.94,100882,0.0,0.0,0.0,0.0
32400,299.35,0.93,100979,0.0,0.0,0.3,0.0
36000,300.55,0.88,100640,0.0,0.0,0.0,0.0
39600,302.45,0.83,100304,0.0,0.0,1.3,0.0
43200,303.55,0.83,100248,0.0,0.0,2.0,0.0
46800,299.75,0.88,100779,0.0,0.0,2.0,0.0
50400,298.95,0.91,101069,0.0,0.0,1.3,0.0
54000,298.95,0.94,101085,0.0,0.0,0.7,0.0
57600,301.15,0.92,100823,0.0,0.0,0.7,0.0
61200,297.85,0.93,100832,0.0,0.0,1.7,0.0
64800,301.55,0.88,100990,0.0,0.0,1.0,0.0
68400,301.85,0.83,100963,0.0,0.0,1.7,0.0
72000,299.45,0.91,100999,0.0,0.0,0.3,0.0
75600,301.45,0.86,100863,0.0,0.0,0.3,0.0
79200,299.05,0.93,100995,0.0,0.0,0.3,0.0
82800,298.95,0.91,101159,0.0,0.0,0.0,0.0
86400,298.55,0.94,101079,0.0,0.0,1.3,0.0
90000,298.35,0.94,101079,0.0,0.0,0.7,0.0
93600,297.85,0.91,101122,0.0,0.0,1.3,0.0
97200,299.65,0.92,101026,0.0,0.0,0.0,0.0
100800,301.25,0.85,100870,0.0,0.0,2.0,0.0
104400,301.05,0.85,100763,0.0,0.0,0.3,0.0
108000,299.95,0.93,100859,0.0,0.0,1.0,0.0
111600,301.15,0.88,100840,0.0,0.0,1.0,0.0
115200,300.85,0.92,100670,0.0,0.0,1.0,0.0
118800,301.15,0.87,100540,0.0,0.0,2.0,0.0
122400,301.15,0.93,100600,0.0,0.0,1.0,0.0
126000,299.15,0.95,101069,0.0,0.0,2.0,0.0
129600,301.25,0.89,101010,0.0,0.0,2.0,0.0
133200,299.65,0.88,100849,0.0,0.0,0.0,0.0
136800,298.85,0.94,100869,0.0,0.0,0.0,0.0
140400,299.15,0.94,100969,0.0,0.0,0.0,0.0
144000,299.85,0.9,100649,0.0,0.0,0.0,0.0
147600,302.15,0.85,100270,0.0,0.0,1.0,0.0
151200,303.15,0.85,100261,0.0,0.0,2.0,0.0
154800,299.65,0.89,100769,0.0,0.0,2.0,0.0
158400,298.85,0.92,101019,0.0,0.0,1.0,0.0
162000,298.85,0.94,101029,0.0,0.0,1.0,0.0
165600,300.85,0.93,100760,0.0,0.0,0.0,0.0
169200,297.65,0.94,100819,0.0,0.0,1.0,0.0
172800,301.15,0.89,100970,0.0,0.0,1.0,0.0
176400,301.65,0.85,100960,0.0,0.0,2.0,0.0
180000,299.35,0.92,101009,0.0,0.0,0.0,0.0
183600,301.15,0.89,100850,0.0,0.0,0.0,0.0
187200,298.75,0.95,100979,0.0,0.0,0.0,0.0
190800,298.65,0.91,101129,0.0,0.0,0.0,0.0
194400,298.35,0.95,101049,0.0,0.0,1.0,0.0
198000,298.15,0.95,101069,0.0,0.0,0.0,0.0
201600,297.75,0.9,101088,0.0,0.0,2.0,0.0
205200,299.35,0.93,101019,0.0,0.0,0.0,0.0
208800,300.85,0.86,100860,0.0,0.0,2.0,0.0
212400,300.65,0.88,100750,0.0,0.0,0.0,0.0
216000,299.75,0.94,100853,0.0,0.0,0.6,0.0
219600,300.85,0.9,100800,0.0,0.0,0.7,0.0
223200,300.55,0.92,100616,0.0,0.0,1.0,0.0
226800,300.85,0.89,100500,0.0,0.0,1.3,0.0
230400,301.05,0.92,100573,0.0,0.0,1.0,0.0
234000,299.15,0.93,101032,0.0,0.0,2.0,0.0
237600,300.95,0.9,100969,0.0,0.0,1.7,0.0
241200,299.55,0.89,100803,0.0,0.0,0.7,0.0
244800,298.25,0.94,100872,0.0,0.0,0.3,0.0
248400,298.85,0.94,100936,0.0,0.0,0.3,0.0
252000,300.05,0.88,100633,0.0,0.0,0.7,0.0
255600,301.65,0.87,100244,0.0,0.0,0.7,0.0
259200,302.85,0.87,100267,0.0,0.0,1.3,0.0
262800,299.65,0.89,100746,0.0,0.0,1.3,0.0
266400,299.05,0.92,100989,0.0,0.0,1.0,0.0
270000,298.85,0.94,101019,0.0,0.0,0.7,0.0
273600,300.55,0.93,100743,0.0,0.0,0.3,0.0
277200,297.65,0.94,100802,0.0,0.0,1.0,0.0
280800,300.95,0.9,100923,0.0,0.0,1.0,0.0
284400,301.35,0.86,100916,0.0,0.0,1.7,0.0
288000,299.35,0.91,100986,0.0,0.0,0.0,0.0
291600,300.65,0.9,100810,0.0,0.0,0.0,0.0
295200,298.75,0.95,100955,0.0,0.0,0.3,0.0
298800,298.65,0.92,101095,0.0,0.0,1.0,0.0
302400,297.45,0.95,101065,0.0,0.0,1.3,0.0
306000,298.15,0.95,101065,0.0,0.0,0.0,0.0
309600,297.55,0.92,101078,0.0,0.0,1.3,0.0
313200,298.95,0.93,100989,0.0,0.0,0.0,0.0
316800,300.35,0.89,100819,0.0,0.0,1.3,0.0
320400,300.55,0.89,100746,0.0,0.0,0.3,0.0
324000,299.65,0.95,100862,0.0,0.0,0.4,0.0
327600,300.55,0.92,100760,0.0,0.0,0.3,0.0
331200,300.15,0.92,100563,0.0,0.0,1.0,0.0
334800,300.65,0.9,100460,0.0,0.0,0.7,0.0
338400,300.95,0.92,100547,0.0,0.0,1.0,0.0
342000,299.15,0.92,100996,0.0,0.0,2.0,0.0
345600,300.65,0.91,100929,0.0,0.0,1.3,0.0
349200,299.45,0.89,100756,0.0,0.0,1.3,0.0
352800,297.75,0.94,100875,0.0,0.0,0.7,0.0
356400,298.55,0.94,100902,0.0,0.0,0.7,0.0
360000,300.15,0.86,100616,0.0,0.0,1.3,0.0
363600,301.15,0.89,100217,0.0,0.0,0.3,0.0
367200,302.45,0.89,100274,0.0,0.0,0.7,0.0
370800,299.65,0.89,100723,0.0,0.0,0.7,0.0
374400,299.15,0.93,100959,0.0,0.0,1.0,0.0
378000,298.85,0.95,101009,0.0,0.0,0.3,0.0
381600,300.15,0.93,100726,0.0,0.0,0.7,0.0
385200,297.75,0.94,100785,0.0,0.0,1.0,0.0
388800,300.85,0.91,100876,0.0,0.0,1.0,0.0
392400,300.95,0.88,100873,0.0,0.0,1.3,0.0
396000,299.35,0.91,100962,0.0,0.0,0.0,0.0
399600,300.15,0.91,100769,0.0,0.0,0.0,0.0
403200,298.75,0.94,100932,0.0,0.0,0.7,0.0
406800,298.75,0.93,101062,0.0,0.0,2.0,0.0
410400,296.55,0.95,101081,0.0,0.0,1.7,0.0
414000,298.15,0.95,101062,0.0,0.0,0.0,0.0
417600,297.45,0.93,101068,0.0,0.0,0.7,0.0
421200,298.55,0.93,100959,0.0,0.0,0.0,0.0
424800,299.85,0.92,100779,0.0,0.0,0.7,0.0
428400,300.45,0.9,100743,0.0,0.0,0.7,0.0
432000,299.75,0.95,100884,0.0,0.0,0.5,0.0
435600,300.25,0.94,100719,0.0,0.0,0.0,0.0
439200,299.85,0.92,100510,0.0,0.0,1.0,0.0
442800,300.35,0.92,100420,0.0,0.0,0.0,0.0
446400,300.85,0.92,100520,0.0,0.0,1.0,0.0
450000,299.15,0.91,100959,0.0,0.0,2.0,0.0
453600,300.35,0.92,100889,0.0,0.0,1.0,0.0
457200,299.35,0.9,100709,0.0,0.0,2.0,0.0
460800,297.15,0.95,100878,0.0,0.0,1.0,0.0
464400,298.25,0.94,100869,0.0,0.0,1.0,0.0
468000,300.35,0.84,100600,0.0,0.0,2.0,0.0
471600,300.65,0.91,100190,0.0,0.0,0.0,0.0
475200,302.15,0.91,100280,0.0,0.0,0.0,0.0
478800,299.65,0.89,100699,0.0,0.0,0.0,0.0
482400,299.35,0.93,100929,0.0,0.0,1.0,0.0
486000,298.85,0.95,100999,0.0,0.0,0.0,0.0
489600,299.85,0.93,100709,0.0,0.0,1.0,0.0
493200,297.75,0.95,100769,0.0,0.0,1.0,0.0
496800,300.65,0.92,100829,0.0,0.0,1.0,0.0
500400,300.65,0.89,100829,0.0,0.0,1.0,0.0
504000,299.35,0.9,100939,0.0,0.0,0.0,0.0
507600,299.65,0.93,100729,0.0,0.0,0.0,0.0
511200,298.75,0.94,100909,0.0,0.0,1.0,0.0
514800,298.75,0.93,101029,0.0,0.0,3.0,0.0
518400,295.65,0.95,101098,0.0,0.0,2.0,0.0
522000,298.15,0.95,101059,0.0,0.0,0.0,0.0
525600,297.25,0.95,101058,0.0,0.0,0.0,0.0
529200,298.15,0.94,100929,0.0,0.0,0.0,0.0
532800,299.35,0.95,100739,0.0,0.0,0.0,0.0
536400,300.35,0.9,100739,0.0,0.0,1.0,0.0
540000,300.25,0.92,100920,0.0,0.0,0.8,0.0
543600,300.05,0.93,100746,0.0,0.0,0.0,0.0
547200,300.15,0.91,100520,0.0,0.0,0.7,0.0
550800,300.65,0.91,100453,0.0,0.0,0.3,0.0
554400,300.95,0.9,100583,0.0,0.0,0.7,0.0
558000,299.35,0.9,101006,0.0,0.0,1.3,0.0
561600,300.25,0.91,100909,0.0,0.0,1.7,0.0
565200,299.45,0.9,100726,0.0,0.0,2.3,0.0
568800,297.35,0.94,100925,0.0,0.0,1.7,0.0
572400,298.45,0.94,100912,0.0,0.0,1.3,0.0
576000,300.35,0.83,100626,0.0,0.0,2.0,0.0
579600,300.65,0.9,100233,0.0,0.0,0.0,0.0
583200,302.15,0.91,100327,0.0,0.0,0.0,0.0
586800,299.65,0.9,100759,0.0,0.0,1.0,0.0
590400,299.15,0.94,100986,0.0,0.0,1.7,0.0
594000,298.85,0.93,101035,0.0,0.0,0.0,0.0
597600,299.75,0.93,100753,0.0,0.0,1.0,0.0
601200,297.95,0.94,100815,0.0,0.0,0.7,0.0
604800,300.85,0.9,100843,0.0,0.0,1.3,0.0
608400,300.75,0.89,100886,0.0,0.0,1.0,0.0
612000,299.25,0.91,100976,0.0,0.0,0.0,0.0
615600,299.65,0.94,100783,0.0,0.0,0.3,0.0
619200,299.05,0.92,100952,0.0,0.0,0.7,0.0
622800,298.75,0.93,101055,0.0,0.0,3.0,0.0
626400,295.95,0.95,101104,0.0,0.0,1.7,0.0
630000,298.05,0.95,101105,0.0,0.0,0.3,0.0
633600,297.35,0.95,101115,0.0,0.0,0.3,0.0
637200,298.35,0.94,100982,0.0,0.0,0.7,0.0
640800,299.35,0.94,100796,0.0,0.0,0.0,0.0
644400,300.25,0.91,100789,0.0,0.0,1.0,0.0
648000,299.85,0.95,100903,0.01,0.006389,0.7,0.0
651600,299.85,0.92,100773,0.006389,0.005556,0.0,0.0
655200,300.35,0.91,100530,0.0125,0.007778,0.3,0.0
658800,300.85,0.9,100487,0.005,0.004167,0.7,0.0
662400,301.05,0.88,100646,0.0,0.0,0.3,0.0
666000,299.45,0.89,101052,0.011944,0.006111,0.7,0.0
669600,300.25,0.91,100929,0.011667,0.008056,2.3,0.0
673200,299.55,0.9,100743,0.0,0.0,2.7,0.0
676800,297.55,0.94,100972,0.0,0.0,2.3,0.0
680400,298.65,0.93,100955,0.011389,0.007222,1.7,0.0
684000,300.25,0.81,100653,0.013889,0.007222,2.0,0.0
687600,300.65,0.9,100277,0.013611,0.007222,0.0,0.0
691200,302.25,0.91,100374,0.011944,0.008056,0.0,0.0
694800,299.65,0.91,100819,0.0,0.0,2.0,0.0
698400,298.85,0.94,101042,0.0,0.0,2.3,0.0
702000,298.85,0.92,101072,0.008333,0.006389,0.0,0.0
705600,299.75,0.93,100796,0.007222,0.005833,1.0,0.0
709200,298.05,0.94,100862,0.0075,0.005556,0.3,0.0
712800,301.15,0.89,100856,0.012222,0.007778,1.7,0.0
716400,300.75,0.89,100943,0.009722,0.008056,1.0,0.0
720000,299.25,0.93,101012,0.01,0.005833,0.0,0.0
723600,299.75,0.95,100836,0.011667,0.005833,0.7,0.0
727200,299.35,0.91,100996,0.0,0.0,0.3,0.0
730800,298.85,0.93,101082,0.0,0.0,3.0,0.0
734400,296.35,0.95,101111,0.0,0.0,1.3,0.0
738000,297.85,0.94,101152,0.0,0.0,0.7,0.0
741600,297.55,0.95,101172,0.0,0.0,0.7,0.0
745200,298.55,0.94,101035,0.0,0.0,1.3,0.0
748800,299.35,0.93,100852,0.0,0.0,0.0,0.0
752400,300.25,0.92,100839,0.0,0.0,1.0,0.0
756000,300.15,0.94,100939,0.041389,0.021944,1.0,0.0
759600,299.65,0.91,100799,0.029167,0.021389,0.0,0.0
763200,300.65,0.9,100540,0.047778,0.022778,0.0,0.0
766800,301.15,0.89,100520,0.018056,0.016111,1.0,0.0
770400,301.15,0.87,100710,0.012778,0.0125,0.0,0.0
774000,299.65,0.88,101099,0.040278,0.021667,0.0,0.0
777600,300.15,0.9,100949,0.033056,0.023333,3.0,0.0
781200,299.65,0.9,100759,0.014167,0.010833,3.0,0.0
784800,297.75,0.94,101018,0.014444,0.011667,3.0,0.0
788400,298.85,0.93,100999,0.045,0.024722,2.0,0.0
792000,300.25,0.8,100679,0.054167,0.022222,2.0,0.0
795600,300.65,0.89,100320,0.053889,0.020556,0.0,0.0
799200,302.25,0.91,100420,0.041389,0.026389,0.0,0.0
802800,299.65,0.93,100879,0.006944,0.006944,3.0,0.0
806400,298.65,0.95,101099,0.005833,0.005833,3.0,0.0
810000,298.85,0.91,101109,0.028611,0.023333,0.0,0.0
813600,299.65,0.93,100839,0.030556,0.023611,1.0,0.0
817200,298.25,0.94,100909,0.0375,0.021667,0.0,0.0
820800,301.35,0.88,100870,0.0475,0.024444,2.0,0.0
824400,300.85,0.89,100999,0.04,0.03,1.0,0.0
828000,299.15,0.94,101049,0.040556,0.020278,0.0,0.0
831600,299.75,0.96,100889,0.047222,0.02,1.0,0.0
835200,299.65,0.89,101039,0.015833,0.014722,0.0,0.0
838800,298.85,0.94,101109,0.023611,0.017222,3.0,0.0
842400,296.65,0.95,101118,0.006389,0.006111,1.0,0.0
846000,297.75,0.94,101198,0.010556,0.010556,1.0,0.0
849600,297.65,0.95,101228,0.015556,0.01,1.0,0.0
853200,298.75,0.95,101089,0.033611,0.023611,2.0,0.0
856800,299.35,0.91,100909,0.0525,0.017778,0.0,0.0
860400,300.15,0.93,100889,0.049444,0.021389,1.0,0.0
864000,301.55,0.83,100970,0.086389,0.040833,1.0,0.0
867600,300.35,0.87,100859,0.07,0.046944,0.3,0.0
871200,301.45,0.84,100583,0.09,0.0425,0.0,0.0
874800,302.35,0.81,100540,0.034722,0.029722,1.3,0.0
878400,299.45,0.89,100789,0.033611,0.029444,0.3,0.0
882000,300.85,0.81,101133,0.082778,0.0375,1.0,0.0
885600,300.45,0.84,101019,0.051667,0.041944,2.8,0.0
889200,300.25,0.87,100809,0.037222,0.024167,2.7,0.0
892800,298.75,0.9,101045,0.0325,0.021667,2.7,0.0
896400,300.35,0.85,101003,0.105278,0.036667,2.0,0.0
900000,301.65,0.73,100690,0.103611,0.042222,2.7,0.0
903600,302.25,0.8,100307,0.113889,0.030833,0.7,0.0
907200,303.25,0.84,100491,0.089444,0.049167,0.3,0.0
910800,299.35,0.93,100952,0.021944,0.021111,2.7,0.0
914400,298.45,0.95,101162,0.011944,0.011944,2.7,0.0
918000,300.15,0.85,101112,0.049444,0.041944,1.0,0.0
921600,300.05,0.91,100889,0.051111,0.041389,1.3,0.0
925200,300.25,0.85,100956,0.088611,0.038333,0.7,0.0
928800,302.65,0.79,100930,0.088889,0.034722,2.3,0.0
932400,301.65,0.85,101043,0.089167,0.050278,1.7,0.0
936000,300.85,0.84,101059,0.080278,0.033611,1.0,0.0
939600,301.05,0.85,100920,0.09,0.036389,1.3,0.0
943200,300.85,0.84,101093,0.039444,0.035556,0.7,0.0
946800,298.75,0.94,101155,0.026944,0.021944,2.7,0.0
950400,297.35,0.93,101148,0.020833,0.016389,1.7,0.0
954000,298.85,0.9,101229,0.029444,0.026389,1.0,0.0
957600,298.75,0.89,101232,0.034444,0.020833,1.7,0.0
961200,300.25,0.86,101096,0.073333,0.044167,2.0,0.0
964800,300.15,0.84,100929,0.109167,0.029444,0.3,0.0
968400,301.65,0.83,100926,0.106389,0.033056,1.3,0.0
972000,302.95,0.73,101000,0.129444,0.061111,1.0,0.0
975600,300.95,0.83,100919,0.086111,0.063889,0.7,0.0
979200,302.35,0.78,100627,0.112222,0.060278,0.0,0.0
982800,303.55,0.74,100561,0.060833,0.043611,1.7,0.0
986400,297.85,0.92,100869,0.073611,0.053333,0.7,0.0
990000,302.15,0.75,101166,0.131111,0.0475,2.0,0.0
993600,300.85,0.78,101089,0.053333,0.048611,2.7,0.0
997200,300.75,0.85,100860,0.055278,0.036667,2.3,0.0
1000800,299.85,0.87,101072,0.058611,0.033889,2.3,0.0
1004400,301.85,0.77,101006,0.170556,0.038333,2.0,0.0
1008000,302.95,0.67,100700,0.156944,0.056389,3.3,0.0
1011600,303.75,0.71,100294,0.173889,0.036944,1.3,0.0
1015200,304.15,0.78,100561,0.147778,0.066667,0.7,0.0
1018800,299.05,0.94,101025,0.036389,0.034444,2.3,0.0
1022400,298.35,0.95,101225,0.022222,0.022222,2.3,0.0
1026000,301.35,0.8,101116,0.089722,0.061389,2.0,0.0
1029600,300.35,0.89,100939,0.093333,0.056111,1.7,0.0
1033200,302.25,0.78,101003,0.149167,0.045278,1.3,0.0
1036800,303.85,0.71,100990,0.146667,0.041667,2.7,0.0
1040400,302.55,0.81,101086,0.143889,0.055,2.3,0.0
1044000,302.55,0.75,101070,0.134722,0.045556,2.0,0.0
1047600,302.35,0.76,100950,0.136389,0.051389,1.7,0.0
1051200,301.95,0.79,101146,0.078611,0.061111,1.3,0.0
1054800,298.75,0.94,101202,0.032778,0.029444,2.3,0.0
1058400,298.15,0.92,101178,0.029167,0.024444,2.3,0.0
1062000,300.05,0.87,101259,0.062222,0.046111,1.0,0.0
1065600,299.75,0.83,101236,0.055,0.031667,2.3,0.0
1069200,301.65,0.78,101103,0.13,0.053889,2.0,0.0
1072800,301.05,0.76,100950,0.165,0.035833,0.7,0.0
1076400,303.15,0.74,100963,0.163056,0.038889,1.7,0.0
1080000,304.35,0.65,101030,0.176667,0.068611,1.0,0.0
1083600,301.65,0.79,100980,0.093611,0.074444,1.0,0.0
1087200,303.15,0.73,100670,0.148333,0.074444,0.0,0.0
1090800,304.75,0.67,100581,0.091944,0.061389,2.0,0.0
1094400,296.15,0.95,100948,0.118611,0.0775,1.0,0.0
1098000,303.35,0.69,101200,0.150556,0.058889,3.0,0.0
1101600,301.15,0.73,101159,0.062222,0.052778,2.5,0.0
1105200,301.35,0.83,100910,0.0725,0.050556,2.0,0.0
1108800,300.85,0.83,101099,0.097778,0.048333,2.0,0.0
1112400,303.35,0.71,101010,0.206389,0.039167,2.0,0.0
1116000,304.35,0.61,100711,0.200833,0.059167,4.0,0.0
1119600,305.35,0.64,100281,0.219722,0.038611,2.0,0.0
1123200,305.15,0.72,100631,0.173333,0.071389,1.0,0.0
1126800,298.75,0.94,101099,0.053056,0.048889,2.0,0.0
1130400,298.15,0.95,101288,0.043333,0.042222,2.0,0.0
1134000,302.65,0.75,101120,0.131389,0.076667,3.0,0.0
1137600,300.75,0.87,100989,0.142778,0.079167,2.0,0.0
1141200,304.25,0.71,101050,0.180833,0.056111,2.0,0.0
1144800,305.15,0.64,101051,0.196111,0.050278,3.0,0.0
1148400,303.35,0.77,101130,0.182778,0.063611,3.0,0.0
1152000,304.25,0.67,101080,0.193333,0.053611,3.0,0.0
1155600,303.65,0.68,100980,0.130556,0.060833,2.0,0.0
1159200,303.15,0.74,101200,0.117222,0.078611,2.0,0.0
1162800,298.65,0.95,101249,0.058333,0.046667,2.0,0.0
1166400,298.85,0.9,101209,0.035,0.025833,3.0,0.0
1170000,301.15,0.84,101289,0.105833,0.067778,1.0,0.0
1173600,300.85,0.78,101239,0.081389,0.044167,3.0,0.0
1177200,303.15,0.71,101110,0.1925,0.051389,2.0,0.0
1180800,301.85,0.7,100970,0.209722,0.038611,1.0,0.0
1184400,304.65,0.66,101001,0.200833,0.045,2.0,0.0
1188000,303.15,0.71,100963,0.201667,0.073333,1.3,0.0
1191600,302.35,0.75,100867,0.121111,0.090833,1.0,0.0
1195200,303.95,0.69,100587,0.1875,0.074444,0.7,0.0
1198800,305.45,0.65,100541,0.141667,0.077222,2.3,0.0
1202400,297.85,0.9,100899,0.146944,0.083056,1.3,0.0
1206000,304.25,0.64,101120,0.165833,0.070833,3.0,0.0
1209600,301.15,0.73,101099,0.083333,0.067222,2.3,0.0
1213200,300.65,0.85,100876,0.092222,0.054444,2.0,0.0
1216800,302.15,0.75,101043,0.138056,0.066667,2.0,0.0
1220400,304.65,0.63,100934,0.234444,0.041944,2.3,0.0
1224000,305.65,0.55,100624,0.226944,0.066667,4.3,0.0
1227600,306.35,0.61,100218,0.246667,0.040556,2.3,0.0
1231200,305.65,0.7,100555,0.174722,0.086389,1.7,0.0
1234800,298.95,0.94,101062,0.066944,0.063056,1.7,0.0
1238400,299.05,0.91,101232,0.056667,0.054722,1.3,0.0
1242000,303.05,0.75,101050,0.168333,0.084722,2.7,0.0
1245600,301.65,0.83,100920,0.1675,0.079167,2.3,0.0
1249200,304.95,0.65,100974,0.183889,0.068333,2.3,0.0
1252800,305.65,0.6,100984,0.216667,0.053056,3.0,0.0
1256400,303.85,0.72,101040,0.190556,0.074167,3.3,0.0
1260000,304.55,0.64,101001,0.224167,0.058611,2.3,0.0
1263600,302.05,0.75,100943,0.107222,0.075833,2.0,0.0
1267200,303.15,0.73,101150,0.125278,0.085556,1.8,0.0
1270800,299.15,0.92,101202,0.076667,0.058889,1.7,0.0
1274400,299.55,0.88,101136,0.058611,0.039444,2.7,0.0
1278000,301.85,0.8,101200,0.121389,0.069167,1.0,0.0
1281600,302.05,0.73,101163,0.113333,0.061389,2.7,0.0
1285200,304.15,0.62,101020,0.224444,0.045,2.0,0.0
1288800,303.45,0.63,100880,0.234722,0.040278,1.7,0.0
1292400,305.35,0.61,100901,0.221389,0.0475,2.3,0.0
1296000,301.85,0.79,100896,0.207778,0.084444,1.7,0.0
1299600,303.05,0.72,100754,0.138889,0.105,1.0,0.0
1303200,304.85,0.66,100504,0.194167,0.075556,1.3,0.0
1306800,306.05,0.64,100501,0.155833,0.083333,2.7,0.0
1310400,299.65,0.85,100849,0.171667,0.078056,1.7,0.0
1314000,305.25,0.6,101041,0.215,0.065556,3.0,0.0
1317600,301.15,0.72,101039,0.096944,0.081111,2.2,0.0
1321200,300.05,0.87,100843,0.095278,0.058333,2.0,0.0
1324800,303.45,0.68,100987,0.159167,0.065556,2.0,0.0
1328400,305.85,0.56,100858,0.254722,0.042222,2.7,0.0
1332000,306.85,0.5,100538,0.230278,0.072222,4.7,0.0
1335600,307.35,0.59,100155,0.253611,0.042222,2.7,0.0
1339200,306.15,0.68,100478,0.170278,0.094444,2.3,0.0
1342800,299.15,0.93,101026,0.08,0.073611,1.3,0.0
1346400,299.95,0.87,101176,0.071389,0.065,0.7,0.0
1350000,303.45,0.75,100980,0.180833,0.087778,2.3,0.0
1353600,302.45,0.8,100850,0.196667,0.071389,2.7,0.0
1357200,305.65,0.59,100898,0.178889,0.071389,2.7,0.0
1360800,306.25,0.56,100918,0.228056,0.050278,3.0,0.0
1364400,304.35,0.67,100950,0.176667,0.079444,3.7,0.0
1368000,304.85,0.62,100921,0.213889,0.055,1.7,0.0
1371600,300.45,0.83,100906,0.133056,0.084167,2.0,0.0
1375200,303.15,0.72,101100,0.114167,0.080556,1.7,0.0
1378800,299.65,0.9,101156,0.069167,0.058056,1.3,0.0
1382400,300.15,0.86,101063,0.089444,0.049167,2.3,0.0
1386000,302.65,0.77,101110,0.128056,0.063056,1.0,0.0
1389600,303.15,0.68,101087,0.1375,0.065833,2.3,0.0
1393200,305.15,0.55,100931,0.235556,0.040556,2.0,0.0
1396800,305.05,0.58,100791,0.231389,0.041389,2.3,0.0
1400400,306.15,0.56,100801,0.231667,0.044167,2.7,0.0
1404000,300.65,0.87,100829,0.205556,0.072778,2.0,0.0
1407600,303.75,0.68,100641,0.104722,0.085278,1.0,0.0
1411200,305.65,0.62,100421,0.183333,0.0875,2.0,0.0
1414800,306.75,0.62,100462,0.148611,0.071111,3.0,0.0
1418400,301.35,0.81,100800,0.146944,0.078611,2.0,0.0
1422000,306.15,0.56,100961,0.231389,0.051667,3.0,0.0
1425600,301.15,0.72,100980,0.086389,0.073889,2.0,0.0
1429200,299.35,0.9,100809,0.096944,0.061667,2.0,0.0
1432800,304.75,0.61,100931,0.169722,0.069444,2.0,0.0
1436400,307.15,0.5,100781,0.24,0.049722,3.0,0.0
1440000,308.15,0.46,100452,0.219167,0.055278,5.0,0.0
1443600,308.35,0.56,100092,0.24,0.042222,3.0,0.0
1447200,306.65,0.67,100402,0.152778,0.083889,3.0,0.0
1450800,299.35,0.93,100989,0.062222,0.056667,1.0,0.0
1454400,300.85,0.83,101119,0.091944,0.081111,0.0,0.0
1458000,303.85,0.76,100910,0.136667,0.076667,2.0,0.0
1461600,303.35,0.76,100780,0.139444,0.067778,3.0,0.0
1465200,306.35,0.54,100821,0.1825,0.067222,3.0,0.0
1468800,306.75,0.53,100851,0.225278,0.044722,3.0,0.0
1472400,304.85,0.62,100861,0.172778,0.066389,4.0,0.0
1476000,305.15,0.59,100841,0.206389,0.0475,1.0,0.0
1479600,298.85,0.92,100869,0.126667,0.079167,2.0,0.0
1483200,303.15,0.71,101050,0.134444,0.066944,1.5,0.0
1486800,300.15,0.87,101109,0.058056,0.051944,1.0,0.0
1490400,300.85,0.84,100989,0.115833,0.044444,2.0,0.0
1494000,303.35,0.74,101020,0.126389,0.063333,1.0,0.0
1497600,304.35,0.64,101010,0.161389,0.056111,2.0,0.0
1501200,306.15,0.48,100841,0.220556,0.041111,2.0,0.0
1504800,306.65,0.53,100701,0.209444,0.039167,3.0,0.0
1508400,306.85,0.52,100701,0.2125,0.040278,3.0,0.0
1512000,302.55,0.77,100733,0.188611,0.051944,1.7,0.0
1515600,303.95,0.68,100554,0.073333,0.065278,1.3,0.0
1519200,305.85,0.62,100331,0.146944,0.074444,2.0,0.0
1522800,306.75,0.6,100378,0.153611,0.057222,2.7,0.0
1526400,301.95,0.77,100750,0.094444,0.0725,2.0,0.0
1530000,306.65,0.53,100878,0.191111,0.051944,3.0,0.0
1533600,301.25,0.74,100893,0.064722,0.054444,2.0,0.0
1537200,300.35,0.86,100739,0.101111,0.0575,2.0,0.0
1540800,304.65,0.62,100834,0.142778,0.0725,2.3,0.0
1544400,307.35,0.48,100718,0.201389,0.050278,3.0,0.0
1548000,308.45,0.44,100362,0.202222,0.0375,4.0,0.0
1551600,308.85,0.51,100056,0.203611,0.041111,2.3,0.0
1555200,304.85,0.71,100424,0.098056,0.064444,2.7,0.0
1558800,299.75,0.92,100936,0.033889,0.033611,0.7,0.0
1562400,301.15,0.82,101039,0.091389,0.079444,0.0,0.0
1566000,304.25,0.73,100841,0.116111,0.070556,2.0,0.0
1569600,303.65,0.75,100701,0.091667,0.056944,3.0,0.0
1573200,306.55,0.54,100748,0.178056,0.055,2.7,0.0
1576800,306.85,0.53,100755,0.193889,0.041389,2.7,0.0
1580400,305.25,0.6,100794,0.151667,0.048611,4.0,0.0
1584000,305.65,0.56,100728,0.195556,0.042778,0.7,0.0
1587600,300.45,0.85,100796,0.071667,0.056667,1.7,0.0
1591200,303.35,0.67,100993,0.145556,0.061944,1.3,0.0
1594800,300.35,0.87,101046,0.054444,0.048889,1.0,0.0
1598400,300.65,0.85,100953,0.110833,0.041667,2.0,0.0
1602000,302.15,0.78,100980,0.093611,0.0575,1.0,0.0
1605600,304.45,0.61,100947,0.166944,0.046944,2.0,0.0
1609200,306.35,0.47,100768,0.183611,0.038333,2.0,0.0
1612800,306.35,0.54,100635,0.174444,0.037222,2.3,0.0
1616400,307.05,0.48,100632,0.174167,0.035833,3.0,0.0
1620000,304.45,0.69,100637,0.156667,0.043056,1.3,0.0
1623600,304.15,0.67,100467,0.062778,0.056111,1.7,0.0
1627200,305.95,0.61,100242,0.107778,0.052778,2.0,0.0
1630800,306.75,0.59,100295,0.130278,0.046667,2.3,0.0
1634400,302.55,0.74,100700,0.084444,0.058333,2.0,0.0
1638000,307.25,0.5,100795,0.137222,0.049444,3.0,0.0
1641600,301.25,0.76,100806,0.061389,0.046389,2.0,0.0
1645200,301.35,0.83,100670,0.088333,0.053333,2.0,0.0
1648800,304.45,0.64,100737,0.098611,0.054167,2.7,0.0
1652400,307.65,0.46,100655,0.147222,0.035833,3.0,0.0
1656000,308.85,0.43,100272,0.153611,0.033889,3.0,0.0
1659600,309.35,0.47,100019,0.151667,0.033611,1.7,0.0
1663200,302.95,0.76,100447,0.034722,0.032222,2.3,0.0
1666800,300.25,0.9,100883,0.030556,0.030556,0.3,0.0
1670400,301.45,0.81,100960,0.078333,0.064167,0.0,0.0
1674000,304.75,0.7,100771,0.103889,0.0625,2.0,0.0
1677600,304.05,0.74,100621,0.12,0.046944,3.0,0.0
1681200,306.65,0.74,100675,0.129167,0.042222,2.3,0.0
1684800,307.05,0.53,100658,0.133889,0.035556,2.3,0.0
1688400,305.75,0.59,100728,0.101667,0.043611,4.0,0.0
1692000,306.25,0.53,100615,0.146944,0.034444,0.3,0.0
1695600,302.05,0.78,100723,0.038056,0.035278,1.3,0.0
1699200,303.65,0.64,100937,0.116389,0.052222,1.2,0.0
1702800,300.65,0.87,100983,0.032222,0.030833,1.0,0.0
1706400,300.55,0.86,100916,0.069167,0.036389,2.0,0.0
1710000,300.85,0.83,100939,0.066111,0.05,1.0,0.0
1713600,304.55,0.59,100884,0.1275,0.036111,2.0,0.0
1717200,306.65,0.46,100695,0.137222,0.029722,2.0,0.0
1720800,306.15,0.55,100568,0.125,0.033611,1.7,0.0
1724400,307.15,0.6,100562,0.125833,0.031944,3.0,0.0
1728000,306.35,0.61,100541,0.093333,0.036389,1.0,0.0
1731600,304.35,0.67,100381,0.041111,0.039167,2.0,0.0
1735200,306.15,0.6,100152,0.073056,0.0375,2.0,0.0
1738800,306.75,0.57,100212,0.091667,0.033056,2.0,0.0
1742400,303.15,0.71,100650,0.07,0.040278,2.0,0.0
1746000,307.75,0.47,100712,0.076667,0.034444,3.0,0.0
1749600,301.35,0.78,100720,0.048056,0.036389,2.0,0.0
1753200,302.35,0.8,100600,0.049444,0.035278,2.0,0.0
1756800,304.35,0.65,100641,0.066111,0.038333,3.0,0.0
1760400,307.85,0.45,100592,0.097222,0.026667,3.0,0.0
1764000,309.15,0.42,100183,0.0975,0.028056,2.0,0.0
1767600,309.85,0.43,99983,0.095,0.025,1.0,0.0
1771200,301.15,0.81,100470,0.015556,0.015556,2.0,0.0
1774800,300.65,0.88,100829,0.023611,0.023056,0.0,0.0
1778400,301.75,0.8,100880,0.050833,0.042222,0.0,0.0
1782000,305.15,0.67,100701,0.058056,0.036944,2.0,0.0
1785600,304.35,0.73,100541,0.093056,0.032222,3.0,0.0
1789200,306.85,0.76,100602,0.070556,0.030833,2.0,0.0
1792800,307.15,0.52,100562,0.08,0.026389,2.0,0.0
1796400,306.15,0.57,100661,0.059722,0.029167,4.0,0.0
1800000,306.75,0.5,100502,0.090278,0.026111,0.0,0.0
1803600,303.65,0.72,100651,0.029722,0.028611,1.0,0.0
1807200,303.85,0.6,100880,0.063889,0.029167,1.0,0.0
1810800,300.85,0.86,100919,0.015833,0.015833,1.0,0.0
1814400,300.35,0.87,100879,0.035556,0.025833,2.0,0.0
1818000,299.65,0.88,100899,0.0475,0.037778,1.0,0.0
1821600,304.65,0.57,100821,0.066944,0.024722,2.0,0.0
1825200,306.85,0.45,100622,0.077222,0.022222,2.0,0.0
1828800,305.85,0.57,100501,0.074167,0.025833,1.0,0.0
1832400,307.35,0.58,100492,0.07,0.023889,3.0,0.0
1836000,305.45,0.64,100541,0.035556,0.021944,1.0,0.0
1839600,303.65,0.71,100421,0.029167,0.025278,1.3,0.0
1843200,305.35,0.64,100171,0.036389,0.02,2.0,0.0
1846800,304.85,0.67,100275,0.040833,0.018611,1.3,0.0
1850400,302.35,0.76,100687,0.034167,0.019722,1.3,0.0
1854000,306.55,0.75,100725,0.028056,0.0175,3.0,0.0
1857600,300.95,0.8,100753,0.021111,0.018611,2.3,0.0
1861200,301.25,0.84,100620,0.017778,0.015,1.7,0.0
1864800,303.55,0.71,100680,0.028889,0.017222,2.3,0.0
1868400,306.65,0.5,100572,0.048889,0.015556,3.0,0.0
1872000,307.75,0.5,100192,0.046667,0.016389,1.3,0.0
1875600,308.55,0.67,99999,0.041667,0.015,0.7,0.0
1879200,300.85,0.82,100497,0.009722,0.009444,1.7,0.0
1882800,300.35,0.89,100863,0.0125,0.012222,0.3,0.0
1886400,301.45,0.83,100926,0.020556,0.018611,0.0,0.0
1890000,304.35,0.73,100717,0.018889,0.012778,2.3,0.0
1893600,302.65,0.76,100644,0.037778,0.016944,2.7,0.0
1897200,305.85,0.82,100635,0.026944,0.015278,2.3,0.0
1900800,306.25,0.55,100635,0.034722,0.014444,2.3,0.0
1904400,304.35,0.64,100714,0.025,0.0125,3.0,0.0
1908000,305.75,0.55,100535,0.036389,0.013333,0.0,0.0
1911600,302.75,0.76,100710,0.013611,0.012778,1.3,0.0
1915200,302.75,0.68,100920,0.014167,0.009444,1.0,0.0
1918800,300.45,0.87,100943,0.008611,0.008611,1.3,0.0
1922400,300.05,0.9,100926,0.016944,0.011944,1.7,0.0
1926000,299.35,0.89,100936,0.021944,0.016944,0.7,0.0
1929600,303.85,0.63,100847,0.021389,0.011667,1.7,0.0
1933200,305.65,0.72,100651,0.026944,0.011389,1.7,0.0
1936800,304.95,0.6,100538,0.029167,0.013611,1.0,0.0
1940400,306.25,0.72,100541,0.026111,0.010278,3.0,0.0
1944000,304.55,0.67,100541,0.0075,0.005833,1.0,0.0
1947600,303.05,0.75,100460,0.009722,0.006667,0.7,0.0
1951200,304.55,0.69,100191,0.010278,0.006389,2.0,0.0
1954800,303.05,0.78,100337,0.0075,0.004444,0.7,0.0
1958400,301.65,0.81,100723,0.007778,0.004444,0.7,0.0
1962000,305.45,0.58,100738,0.006111,0.004722,3.0,0.0
1965600,300.55,0.82,100786,0.003889,0.003611,2.7,0.0
1969200,300.25,0.89,100639,0.006111,0.003611,1.3,0.0
1972800,302.65,0.77,100720,0.006389,0.003333,1.7,0.0
1976400,305.35,0.57,100551,0.010278,0.004444,3.0,0.0
1980000,306.25,0.6,100202,0.009444,0.004722,0.7,0.0
1983600,307.15,0.56,100015,0.008611,0.003889,0.3,0.0
1987200,300.65,0.84,100523,0.0025,0.002222,1.3,0.0
1990800,299.95,0.89,100896,0.001944,0.001944,0.7,0.0
1994400,301.15,0.85,100973,0.004722,0.004167,0.0,0.0
1998000,303.45,0.78,100734,0.0025,0.001667,2.7,0.0
2001600,301.05,0.79,100746,0.006389,0.003611,2.3,0.0
2005200,304.85,0.65,100668,0.005278,0.003056,2.7,0.0
2008800,305.25,0.58,100708,0.006111,0.003056,2.7,0.0
2012400,302.55,0.71,100767,0.004722,0.002778,2.0,0.0
2016000,304.65,0.61,100568,0.005833,0.003056,0.0,0.0
2019600,301.75,0.81,100770,0.0025,0.002222,1.7,0.0
2023200,301.75,0.77,100960,0.001111,0.000833,1.0,0.0
2026800,300.05,0.88,100966,0.0025,0.0025,1.7,0.0
2030400,299.65,0.93,100972,0.002778,0.001944,1.3,0.0
2034000,298.95,0.91,100972,0.003056,0.0025,0.3,0.0
2037600,303.15,0.7,100874,0.003333,0.001944,1.3,0.0
2041200,304.35,0.57,100681,0.003611,0.001944,1.3,0.0
2044800,304.15,0.64,100574,0.004167,0.0025,1.0,0.0
2048400,304.05,0.73,100678,0.003611,0.002222,2.8,0.0
2052000,303.65,0.7,100541,0.0,0.0,1.0,0.0
2055600,302.35,0.8,100500,0.0,0.0,0.0,0.0
2059200,303.75,0.74,100211,0.0,0.0,2.0,0.0
2062800,301.15,0.91,100400,0.0,0.0,0.0,0.0
2066400,300.85,0.86,100760,0.0,0.0,0.0,0.0
2070000,304.25,0.65,100751,0.0,0.0,3.0,0.0
2073600,300.15,0.83,100819,0.0,0.0,3.0,0.0
2077200,299.15,0.94,100659,0.0,0.0,1.0,0.0
2080800,301.85,0.84,100760,0.0,0.0,1.0,0.0
2084400,304.15,0.64,100531,0.0,0.0,3.0,0.0
2088000,304.85,0.71,100211,0.0,0.0,0.0,0.0
2091600,305.85,0.63,100032,0.0,0.0,0.0,0.0
2095200,300.35,0.85,100550,0.0,0.0,1.0,0.0
2098800,299.65,0.9,100929,0.0,0.0,1.0,0.0
2102400,300.85,0.87,101019,0.0,0.0,0.0,0.0
2106000,302.65,0.84,100750,0.0,0.0,3.0,0.0
2109600,299.35,0.82,100849,0.0,0.0,2.0,0.0
2113200,303.85,0.72,100701,0.0,0.0,3.0,0.0
2116800,304.35,0.61,100781,0.0,0.0,3.0,0.0
2120400,300.75,0.8,100820,0.0,0.0,1.0,0.0
2124000,303.65,0.68,100601,0.0,0.0,0.0,0.0
2127600,300.85,0.86,100830,0.0,0.0,2.0,0.0
2131200,300.65,0.88,100999,0.0,0.0,1.0,0.0
2134800,299.65,0.89,100989,0.0,0.0,2.0,0.0
2138400,299.35,0.95,101019,0.0,0.0,1.0,0.0
2142000,298.65,0.93,101009,0.0,0.0,0.0,0.0
2145600,302.35,0.77,100900,0.0,0.0,1.0,0.0
2149200,303.15,0.64,100710,0.0,0.0,1.0,0.0
2152800,303.25,0.69,100610,0.0,0.0,1.0,0.0
2156400,303.35,0.79,100741,0.0,0.0,2.5,0.0
2160000,303.15,0.75,100637,0.0,0.0,0.7,0.0
2163600,302.15,0.82,100560,0.0,0.0,0.0,0.0
2167200,303.15,0.77,100324,0.0,0.0,2.0,0.0
2170800,301.35,0.9,100503,0.0,0.0,0.7,0.0
2174400,300.35,0.89,100849,0.0,0.0,0.0,0.0
2178000,303.65,0.7,100847,0.0,0.0,2.3,0.0
2181600,299.95,0.85,100863,0.0,0.0,2.7,0.0
2185200,299.25,0.94,100742,0.0,0.0,0.7,0.0
2188800,301.15,0.87,100840,0.0,0.0,1.0,0.0
2192400,303.35,0.7,100561,0.0,0.0,2.0,0.0
2196000,304.25,0.74,100264,0.0,0.0,0.7,0.0
2199600,305.35,0.68,100095,0.0,0.0,0.7,0.0
2203200,300.15,0.85,100633,0.0,0.0,1.3,0.0
2206800,299.55,0.89,101009,0.0,0.0,1.3,0.0
2210400,300.35,0.89,101079,0.0,0.0,0.0,0.0
2214000,302.35,0.86,100817,0.0,0.0,2.7,0.0
2217600,298.95,0.86,100852,0.0,0.0,2.3,0.0
2221200,303.35,0.76,100810,0.0,0.0,2.3,0.0
2224800,303.65,0.67,100844,0.0,0.0,2.3,0.0
2228400,300.45,0.82,100873,0.0,0.0,1.0,0.0
2232000,303.15,0.72,100697,0.0,0.0,0.3,0.0
2235600,300.45,0.87,100896,0.0,0.0,1.7,0.0
2239200,300.35,0.89,101073,0.0,0.0,0.7,0.0
2242800,299.35,0.91,101039,0.0,0.0,2.0,0.0
2246400,299.15,0.95,101046,0.0,0.0,1.3,0.0
2250000,298.45,0.93,101069,0.0,0.0,0.0,0.0
2253600,301.65,0.81,100946,0.0,0.0,0.7,0.0
2257200,302.85,0.7,100770,0.0,0.0,1.3,0.0
2260800,302.75,0.72,100670,0.0,0.0,1.0,0.0
2264400,302.95,0.82,100786,0.0,0.0,2.2,0.0
2268000,302.65,0.8,100734,0.0,0.0,0.3,0.0
2271600,301.85,0.85,100620,0.0,0.0,0.0,0.0
2275200,302.45,0.8,100437,0.0,0.0,2.0,0.0
2278800,301.55,0.9,100607,0.0,0.0,1.3,0.0
2282400,299.85,0.91,100939,0.0,0.0,0.0,0.0
2286000,302.95,0.76,100943,0.0,0.0,1.7,0.0
2289600,299.85,0.87,100906,0.0,0.0,2.3,0.0
2293200,299.25,0.95,100826,0.0,0.0,0.3,0.0
2296800,300.45,0.89,100919,0.0,0.0,1.0,0.0
2300400,302.65,0.77,100590,0.0,0.0,1.0,0.0
2304000,303.75,0.77,100318,0.0,0.0,1.3,0.0
2307600,304.85,0.73,100158,0.0,0.0,1.3,0.0
2311200,300.05,0.85,100716,0.0,0.0,1.7,0.0
2314800,299.35,0.88,101089,0.0,0.0,1.7,0.0
2318400,299.75,0.91,101139,0.0,0.0,0.0,0.0
2322000,301.95,0.88,100883,0.0,0.0,2.3,0.0
2325600,298.55,0.89,100855,0.0,0.0,2.7,0.0
2329200,302.75,0.8,100920,0.0,0.0,1.7,0.0
2332800,303.05,0.73,100907,0.0,0.0,1.7,0.0
2336400,300.05,0.85,100926,0.0,0.0,1.0,0.0
2340000,302.65,0.75,100793,0.0,0.0,0.7,0.0
2343600,300.05,0.89,100962,0.0,0.0,1.3,0.0
2347200,299.95,0.9,101146,0.0,0.0,0.3,0.0
2350800,299.15,0.92,101089,0.0,0.0,2.0,0.0
2354400,298.95,0.94,101072,0.0,0.0,1.7,0.0
2358000,298.35,0.92,101129,0.0,0.0,0.0,0.0
2361600,300.85,0.86,100993,0.0,0.0,0.3,0.0
2365200,302.45,0.76,100830,0.0,0.0,1.7,0.0
2368800,302.35,0.76,100730,0.0,0.0,1.0,0.0
2372400,301.45,0.84,100916,0.0,0.0,1.5,0.0
2376000,302.15,0.85,100830,0.0,0.0,0.0,0.0
2379600,301.65,0.87,100680,0.0,0.0,0.0,0.0
2383200,301.85,0.82,100550,0.0,0.0,2.0,0.0
2386800,301.75,0.89,100710,0.0,0.0,2.0,0.0
2390400,299.35,0.94,101029,0.0,0.0,0.0,0.0
2394000,302.35,0.83,101040,0.0,0.0,1.0,0.0
2397600,299.65,0.89,100949,0.0,0.0,2.0,0.0
2401200,299.35,0.95,100909,0.0,0.0,0.0,0.0
2404800,299.75,0.91,100999,0.0,0.0,1.0,0.0
2408400,301.85,0.84,100620,0.0,0.0,0.0,0.0
2412000,303.15,0.81,100371,0.0,0.0,2.0,0.0
2415600,304.35,0.79,100221,0.0,0.0,2.0,0.0
2419200,299.85,0.85,100799,0.0,0.0,2.0,0.0
2422800,299.25,0.88,101169,0.0,0.0,2.0,0.0
2426400,299.25,0.93,101199,0.0,0.0,0.0,0.0
2430000,301.65,0.89,100950,0.0,0.0,2.0,0.0
2433600,298.15,0.93,100859,0.0,0.0,3.0,0.0
2437200,302.25,0.85,101030,0.0,0.0,1.0,0.0
2440800,302.35,0.8,100970,0.0,0.0,1.0,0.0
2444400,299.75,0.88,100979,0.0,0.0,1.0,0.0
2448000,302.15,0.8,100890,0.0,0.0,1.0,0.0
2451600,299.65,0.9,101029,0.0,0.0,1.0,0.0
2455200,299.65,0.91,101219,0.0,0.0,0.0,0.0
2458800,298.85,0.93,101139,0.0,0.0,2.0,0.0
2462400,298.75,0.93,101099,0.0,0.0,2.0,0.0
2466000,298.15,0.91,101188,0.0,0.0,0.0,0.0
2469600,300.15,0.9,101039,0.0,0.0,0.0,0.0
2473200,302.15,0.82,100890,0.0,0.0,2.0,0.0
2476800,301.85,0.79,100790,0.0,0.0,1.0,0.0
2480400,299.95,0.87,101025,0.0,0.0,0.9,0.0
2484000,301.85,0.86,100833,0.0,0.0,0.3,0.0
2487600,301.35,0.88,100677,0.0,0.0,0.3,0.0
2491200,301.65,0.84,100547,0.0,0.0,2.0,0.0
2494800,301.55,0.9,100673,0.0,0.0,1.7,0.0
2498400,299.25,0.94,101042,0.0,0.0,0.7,0.0
2502000,301.95,0.85,101030,0.0,0.0,1.3,0.0
2505600,299.65,0.89,100916,0.0,0.0,1.3,0.0
2509200,299.15,0.94,100896,0.0,0.0,0.0,0.0
2512800,299.55,0.92,100989,0.0,0.0,0.7,0.0
2516400,301.15,0.86,100630,0.0,0.0,0.0,0.0
2520000,302.85,0.82,100337,0.0,0.0,1.7,0.0
2523600,303.95,0.81,100234,0.0,0.0,2.0,0.0
2527200,299.75,0.86,100789,0.0,0.0,2.0,0.0
2530800,299.15,0.89,101119,0.0,0.0,1.7,0.0
2534400,299.15,0.93,101142,0.0,0.0,0.3,0.0
2538000,301.35,0.91,100886,0.0,0.0,1.3,0.0
2541600,297.95,0.93,100845,0.0,0.0,2.3,0.0
2545200,301.85,0.86,101010,0.0,0.0,1.0,0.0
2548800,302.15,0.82,100966,0.0,0.0,1.3,0.0
2552400,299.65,0.89,100989,0.0,0.0,0.7,0.0
2556000,301.85,0.83,100876,0.0,0.0,0.7,0.0
2559600,299.35,0.91,101012,0.0,0.0,0.7,0.0
2563200,299.35,0.91,101189,0.0,0.0,0.0,0.0
2566800,298.65,0.94,101109,0.0,0.0,1.7,0.0
2570400,298.55,0.94,101089,0.0,0.0,1.3,0.0
2574000,298.05,0.91,101155,0.0,0.0,0.7,0.0
2577600,299.85,0.91,101032,0.0,0.0,0.0,0.0
2581200,301.75,0.83,100880,0.0,0.0,2.0,0.0
2584800,301.45,0.82,100776,0.0,0.0,0.7,0.0
2588400,298.65,0.88,101115,0.0,0.0,0.4,0.0
2592000,297.35,0.89,101208,0.0,0.0,0.0,0.0
2595600,298.15,0.78,101435,0.0,0.0,1.3,0.0
2599200,297.85,0.75,101441,0.0,0.0,1.0,0.0
2602800,299.05,0.78,101532,0.0,0.0,0.3,0.0
2606400,298.15,0.68,101405,0.0,0.0,0.0,0.0
2610000,297.25,0.85,101271,0.0,0.0,0.0,0.0
2613600,299.15,0.75,101349,0.0,0.0,2.0,0.0
2617200,298.85,0.84,101332,0.0,0.0,2.3,0.0
2620800,298.85,0.82,101222,0.0,0.0,1.3,0.0
2624400,296.65,0.87,101374,0.0,0.0,3.3,0.0
2628000,295.05,0.74,101794,0.0,0.0,2.7,0.0
2631600,296.55,0.74,101871,0.0,0.0,1.0,0.0
2635200,296.95,0.77,101684,0.0,0.0,1.3,0.0
2638800,297.95,0.88,101365,0.0,0.0,2.3,0.0
2642400,299.55,0.89,101199,0.0,0.0,2.3,0.0
2646000,297.85,0.87,101215,0.0,0.0,3.3,0.0
2649600,295.05,0.91,101157,0.0,0.0,1.0,0.0
2653200,294.75,0.79,101227,0.0,0.0,2.7,0.0
2656800,295.25,0.83,101339,0.0,0.0,2.8,0.0
2660400,296.25,0.9,101541,0.0,0.0,2.0,0.0
2664000,298.25,0.92,101378,0.0,0.0,0.0,0.0
2667600,299.15,0.91,101355,0.0,0.0,2.0,0.0
2671200,297.25,0.93,101351,0.0,0.0,1.7,0.0
2674800,295.15,0.91,101517,0.0,0.0,1.7,0.0
2678400,298.05,0.93,101402,0.0,0.0,0.7,0.0
2682000,299.05,0.9,101445,0.0,0.0,2.0,0.0
2685600,298.15,0.76,101715,0.0,0.0,2.7,0.0
2689200,296.75,0.82,101771,0.0,0.0,1.7,0.0
2692800,297.35,0.88,101601,0.0,0.0,1.7,0.0
2696400,296.95,0.84,101574,0.0,0.0,0.7,0.0
2700000,298.85,0.6,101778,0.0,0.0,2.7,0.0
2703600,297.25,0.9,101198,0.0,0.0,0.0,0.0
2707200,297.65,0.81,101418,0.0,0.0,1.0,0.0
2710800,297.35,0.79,101418,0.0,0.0,1.0,0.0
2714400,298.65,0.81,101508,0.0,0.0,0.0,0.0
2718000,297.65,0.72,101428,0.0,0.0,0.0,0.0
2721600,296.85,0.87,101268,0.0,0.0,0.0,0.0
2725200,298.85,0.76,101348,0.0,0.0,2.0,0.0
2728800,298.85,0.83,101328,0.0,0.0,2.0,0.0
2732400,298.65,0.82,101209,0.0,0.0,1.0,0.0
2736000,294.75,0.91,101427,0.0,0.0,4.0,0.0
2739600,295.15,0.72,101777,0.0,0.0,3.0,0.0
2743200,296.55,0.74,101867,0.0,0.0,1.0,0.0
2746800,296.55,0.81,101657,0.0,0.0,1.0,0.0
2750400,297.85,0.89,101328,0.0,0.0,2.0,0.0
2754000,299.35,0.9,101199,0.0,0.0,2.0,0.0
2757600,296.35,0.87,101188,0.0,0.0,4.0,0.0
2761200,294.85,0.92,101117,0.0,0.0,1.0,0.0
2764800,294.25,0.82,101197,0.0,0.0,3.0,0.0
2768400,295.25,0.83,101357,0.0,0.0,3.0,0.0
2772000,296.15,0.91,101507,0.0,0.0,2.0,0.0
2775600,298.15,0.92,101318,0.0,0.0,0.0,0.0
2779200,298.85,0.92,101328,0.0,0.0,2.0,0.0
2782800,296.65,0.94,101348,0.0,0.0,2.0,0.0
2786400,294.85,0.92,101497,0.0,0.0,1.0,0.0
2790000,297.85,0.94,101378,0.0,0.0,0.0,0.0
2793600,298.75,0.91,101428,0.0,0.0,2.0,0.0
2797200,297.85,0.74,101718,0.0,0.0,3.0,0.0
2800800,296.35,0.85,101727,0.0,0.0,2.0,0.0
2804400,297.15,0.9,101578,0.0,0.0,2.0,0.0
2808000,296.15,0.87,101557,0.0,0.0,0.0,0.0
2811600,298.65,0.79,101758,0.0,0.0,3.0,0.0
2815200,297.25,0.9,101212,0.0,0.0,0.1,0.0
2818800,297.65,0.82,101388,0.0,0.0,1.3,0.0
2822400,297.15,0.8,101405,0.0,0.0,0.7,0.0
2826000,298.35,0.82,101488,0.0,0.0,0.7,0.0
2829600,297.55,0.74,101418,0.0,0.0,0.3,0.0
2833200,296.85,0.88,101271,0.0,0.0,0.0,0.0
2836800,298.55,0.78,101328,0.0,0.0,1.7,0.0
2840400,298.65,0.84,101298,0.0,0.0,1.7,0.0
2844000,298.45,0.84,101179,0.0,0.0,1.3,0.0
2847600,294.15,0.91,101450,0.0,0.0,3.7,0.0
2851200,295.05,0.71,101747,0.0,0.0,3.0,0.0
2854800,295.65,0.78,101840,0.0,0.0,1.0,0.0
2858400,296.45,0.8,101611,0.0,0.0,1.0,0.0
2862000,297.75,0.89,101278,0.0,0.0,1.7,0.0
2865600,299.15,0.9,101165,0.0,0.0,2.0,0.0
2869200,296.25,0.85,101208,0.0,0.0,3.7,0.0
2872800,294.85,0.92,101081,0.0,0.0,1.7,0.0
2876400,293.75,0.86,101194,0.0,0.0,3.0,0.0
2880000,294.85,0.87,101344,0.0,0.0,2.7,0.0
2883600,296.25,0.91,101478,0.0,0.0,2.0,0.0
2887200,298.05,0.92,101312,0.0,0.0,0.0,0.0
2890800,298.65,0.92,101298,0.0,0.0,2.0,0.0
2894400,296.65,0.94,101324,0.0,0.0,2.0,0.0
2898000,294.65,0.92,101457,0.0,0.0,1.3,0.0
2901600,297.95,0.93,101395,0.0,0.0,0.2,0.0
2905200,298.55,0.91,101435,0.0,0.0,1.3,0.0
2908800,297.75,0.74,101714,0.0,0.0,2.3,0.0
2912400,296.45,0.85,101721,0.0,0.0,2.0,0.0
2916000,297.15,0.9,101561,0.0,0.0,2.0,0.0
2919600,295.65,0.88,101537,0.0,0.0,0.0,0.0
2923200,297.85,0.6,101758,0.0,0.0,2.7,0.0
2926800,297.35,0.9,101247,0.0,0.0,0.2,0.0
2930400,297.65,0.83,101358,0.0,0.0,1.7,0.0
2934000,297.05,0.81,101391,0.0,0.0,0.3,0.0
2937600,297.95,0.83,101468,0.0,0.0,1.3,0.0
2941200,297.45,0.76,101408,0.0,0.0,1.2,0.0
2944800,296.95,0.89,101275,0.0,0.0,0.0,0.0
2948400,298.25,0.81,101308,0.0,0.0,1.3,0.0
2952000,298.45,0.85,101268,0.0,0.0,1.3,0.0
2955600,298.35,0.86,101148,0.0,0.0,1.7,0.0
2959200,293.45,0.92,101473,0.0,0.0,3.3,0.0
2962800,294.95,0.69,101717,0.0,0.0,3.0,0.0
2966400,294.75,0.82,101813,0.0,0.0,1.0,0.0
2970000,296.45,0.78,101564,0.0,0.0,1.0,0.0
2973600,297.75,0.9,101228,0.0,0.0,1.3,0.0
2977200,299.05,0.91,101132,0.0,0.0,2.0,0.0
2980800,296.25,0.84,101228,0.0,0.0,3.3,0.0
2984400,294.75,0.92,101044,0.0,0.0,2.3,0.0
2988000,293.15,0.89,101190,0.0,0.0,3.0,0.0
2991600,294.35,0.9,101330,0.0,0.0,2.3,0.0
2995200,296.25,0.9,101448,0.0,0.0,2.0,0.0
2998800,298.05,0.92,101305,0.0,0.0,0.0,0.0
3002400,298.55,0.92,101268,0.0,0.0,2.0,0.0
3006000,296.55,0.94,101301,0.0,0.0,2.0,0.0
3009600,294.55,0.92,101417,0.0,0.0,1.7,0.0
3013200,297.95,0.93,101411,0.0,0.0,0.3,0.0
3016800,298.35,0.91,101442,0.0,0.0,0.7,0.0
3020400,297.75,0.73,101711,0.0,0.0,1.7,0.0
3024000,296.55,0.84,101714,0.0,0.0,2.0,0.0
3027600,297.15,0.9,101544,0.0,0.0,2.0,0.0
3031200,295.15,0.9,101517,0.0,0.0,0.0,0.0
3034800,296.95,0.63,101758,0.0,0.0,2.3,0.0
3038400,297.35,0.9,101303,0.0,0.0,0.5,0.0
3042000,297.65,0.83,101328,0.0,0.0,2.0,0.0
3045600,296.85,0.82,101378,0.0,0.0,0.0,0.0
3049200,297.65,0.85,101448,0.0,0.0,2.0,0.0
3052800,297.35,0.78,101398,0.0,0.0,2.0,0.0
3056400,296.95,0.9,101278,0.0,0.0,0.0,0.0
3060000,297.95,0.83,101288,0.0,0.0,1.0,0.0
3063600,298.25,0.86,101238,0.0,0.0,1.0,0.0
3067200,298.15,0.87,101118,0.0,0.0,2.0,0.0
3070800,292.85,0.93,101496,0.0,0.0,3.0,0.0
3074400,294.85,0.68,101687,0.0,0.0,3.0,0.0
3078000,293.85,0.87,101787,0.0,0.0,1.0,0.0
3081600,296.35,0.77,101518,0.0,0.0,1.0,0.0
3085200,297.65,0.9,101178,0.0,0.0,1.0,0.0
3088800,298.85,0.91,101099,0.0,0.0,2.0,0.0
3092400,296.15,0.82,101248,0.0,0.0,3.0,0.0
3096000,294.75,0.92,101008,0.0,0.0,3.0,0.0
3099600,292.65,0.92,101187,0.0,0.0,3.0,0.0
3103200,293.95,0.94,101317,0.0,0.0,2.0,0.0
3106800,296.35,0.9,101418,0.0,0.0,2.0,0.0
3110400,297.95,0.91,101298,0.0,0.0,0.0,0.0
3114000,298.35,0.93,101238,0.0,0.0,2.0,0.0
3117600,296.55,0.94,101278,0.0,0.0,2.0,0.0
3121200,294.35,0.92,101377,0.0,0.0,2.0,0.0
3124800,298.05,0.93,101428,0.0,0.0,0.5,0.0
3128400,298.15,0.91,101448,0.0,0.0,0.0,0.0
3132000,297.65,0.72,101708,0.0,0.0,1.0,0.0
3135600,296.65,0.84,101707,0.0,0.0,2.0,0.0
3139200,297.15,0.9,101528,0.0,0.0,2.0,0.0
3142800,294.65,0.92,101497,0.0,0.0,0.0,0.0
3146400,296.15,0.67,101757,0.0,0.0,2.0,0.0
3150000,297.75,0.86,101368,0.0,0.0,0.8,0.0
3153600,297.45,0.85,101391,0.0,0.0,2.0,0.0
3157200,296.95,0.83,101441,0.0,0.0,0.7,0.0
3160800,297.55,0.85,101508,0.0,0.0,2.0,0.0
3164400,297.15,0.82,101458,0.0,0.0,2.0,0.0
3168000,296.75,0.91,101321,0.0,0.0,0.0,0.0
3171600,297.95,0.84,101348,0.0,0.0,1.0,0.0
3175200,298.25,0.87,101282,0.0,0.0,1.3,0.0
3178800,298.35,0.88,101152,0.0,0.0,2.0,0.0
3182400,293.15,0.93,101580,0.0,0.0,3.0,0.0
3186000,294.85,0.67,101754,0.0,0.0,2.7,0.0
3189600,294.55,0.8,101827,0.0,0.0,1.3,0.0
3193200,296.35,0.77,101564,0.0,0.0,1.0,0.0
3196800,297.45,0.91,101208,0.0,0.0,1.3,0.0
3200400,298.95,0.91,101129,0.0,0.0,2.0,0.0
3204000,295.75,0.84,101284,0.0,0.0,2.7,0.0
3207600,294.45,0.92,101071,0.0,0.0,2.7,0.0
3211200,292.65,0.92,101250,0.0,0.0,3.0,0.0
3214800,294.05,0.94,101384,0.0,0.0,2.0,0.0
3218400,296.35,0.91,101478,0.0,0.0,2.0,0.0
3222000,298.05,0.92,101372,0.0,0.0,0.0,0.0
3225600,298.35,0.93,101278,0.0,0.0,2.0,0.0
3229200,296.85,0.93,101333,0.0,0.0,2.0,0.0
3232800,294.45,0.92,101440,0.0,0.0,1.7,0.0
3236400,298.15,0.93,101445,0.0,0.0,0.7,0.0
3240000,298.25,0.92,101508,0.0,0.0,0.3,0.0
3243600,297.65,0.72,101774,0.0,0.0,2.0,0.0
3247200,296.75,0.84,101757,0.0,0.0,2.0,0.0
3250800,297.15,0.9,101581,0.0,0.0,2.0,0.0
3254400,295.15,0.91,101564,0.0,0.0,0.0,0.0
3258000,295.85,0.71,101817,0.0,0.0,2.3,0.0
3261600,297.35,0.9,101341,0.0,0.0,0.7,0.0
3265200,297.35,0.88,101455,0.0,0.0,2.0,0.0
3268800,297.05,0.83,101504,0.0,0.0,1.3,0.0
3272400,297.45,0.84,101568,0.0,0.0,2.0,0.0
3276000,296.85,0.85,101518,0.0,0.0,2.0,0.0
3279600,296.55,0.91,101364,0.0,0.0,0.0,0.0
3283200,297.95,0.84,101408,0.0,0.0,1.0,0.0
3286800,298.25,0.88,101325,0.0,0.0,1.7,0.0
3290400,298.45,0.89,101185,0.0,0.0,2.0,0.0
3294000,293.35,0.93,101663,0.0,0.0,3.0,0.0
3297600,294.95,0.67,101820,0.0,0.0,2.3,0.0
3301200,295.15,0.74,101867,0.0,0.0,1.7,0.0
3304800,296.25,0.77,101611,0.0,0.0,1.0,0.0
3308400,297.35,0.92,101238,0.0,0.0,1.7,0.0
3312000,299.05,0.91,101159,0.0,0.0,2.0,0.0
3315600,295.35,0.86,101321,0.0,0.0,2.3,0.0
3319200,294.15,0.92,101134,0.0,0.0,2.3,0.0
3322800,292.55,0.92,101313,0.0,0.0,3.0,0.0
3326400,294.15,0.94,101450,0.0,0.0,2.0,0.0
3330000,296.35,0.91,101538,0.0,0.0,2.0,0.0
3333600,298.05,0.93,101445,0.0,0.0,0.0,0.0
3337200,298.35,0.93,101318,0.0,0.0,2.0,0.0
3340800,297.25,0.92,101388,0.0,0.0,2.0,0.0
3344400,294.55,0.92,101504,0.0,0.0,1.3,0.0
3348000,298.15,0.92,101461,0.0,0.0,0.8,0.0
3351600,298.25,0.93,101568,0.0,0.0,0.7,0.0
3355200,297.65,0.71,101841,0.0,0.0,3.0,0.0
3358800,296.75,0.84,101807,0.0,0.0,2.0,0.0
3362400,297.15,0.9,101634,0.0,0.0,2.0,0.0
3366000,295.65,0.91,101631,0.0,0.0,0.0,0.0
3369600,295.65,0.76,101877,0.0,0.0,2.7,0.0
3373200,297.35,0.9,101418,0.044444,0.021111,1.0,0.0
3376800,297.15,0.9,101518,0.054722,0.018333,2.0,0.0
3380400,297.15,0.84,101568,0.050278,0.019167,2.0,0.0
3384000,297.35,0.84,101628,0.051389,0.0175,2.0,0.0
3387600,296.65,0.89,101578,0.054167,0.0175,2.0,0.0
3391200,296.35,0.91,101408,0.053333,0.017778,0.0,0.0
3394800,297.95,0.85,101468,0.038611,0.018889,1.0,0.0
3398400,298.25,0.9,101368,0.049444,0.018056,2.0,0.0
3402000,298.65,0.89,101219,0.045833,0.019167,2.0,0.0
3405600,293.65,0.93,101746,0.006389,0.006389,3.0,0.0
3409200,294.95,0.66,101887,0.021667,0.014167,2.0,0.0
3412800,295.85,0.68,101907,0.045833,0.019722,2.0,0.0
3416400,296.25,0.77,101657,0.040278,0.017778,1.0,0.0
3420000,297.15,0.93,101268,0.046667,0.018056,2.0,0.0
3423600,299.15,0.91,101189,0.035278,0.015556,2.0,0.0
3427200,294.95,0.89,101357,0.008056,0.008056,2.0,0.0
3430800,293.85,0.92,101197,0.005,0.005,2.0,0.0
3434400,292.55,0.92,101376,0.006111,0.006111,3.0,0.0
3438000,294.25,0.94,101517,0.005278,0.005278,2.0,0.0
3441600,296.35,0.92,101597,0.014444,0.014167,2.0,0.0
3445200,298.15,0.93,101518,0.025833,0.016111,0.0,0.0
3448800,298.35,0.93,101358,0.030278,0.016944,2.0,0.0
3452400,297.55,0.91,101443,0.008889,0.008611,2.0,0.0
3456000,294.65,0.92,101567,0.008056,0.008056,1.0,0.0
3459600,298.25,0.92,101478,0.024167,0.015833,1.0,0.0
3463200,298.35,0.93,101628,0.0275,0.014444,1.0,0.0
3466800,297.65,0.7,101908,0.011944,0.011389,4.0,0.0
3470400,296.85,0.85,101857,0.009167,0.009167,2.0,0.0
3474000,297.15,0.9,101688,0.036389,0.016111,2.0,0.0
3477600,296.15,0.91,101697,0.043611,0.015833,0.0,0.0
3481200,295.35,0.81,101937,0.044167,0.015278,3.0,0.0
3484800,299.05,0.75,101448,0.0925,0.036111,1.3,0.0
3488400,299.05,0.73,101542,0.115,0.028889,1.7,0.0
3492000,298.85,0.72,101582,0.108056,0.029722,2.0,0.0
3495600,299.05,0.7,101638,0.111389,0.027778,2.0,0.0
3499200,298.35,0.77,101575,0.114167,0.0275,2.0,0.0
3502800,298.15,0.82,101422,0.1125,0.028333,0.7,0.0
3506400,299.45,0.76,101488,0.091944,0.033889,1.7,0.0
3510000,299.65,0.79,101399,0.101667,0.033611,2.0,0.0
3513600,299.85,0.81,101242,0.100278,0.032778,2.0,0.0
3517200,293.85,0.92,101796,0.016111,0.015556,2.7,0.0
3520800,295.45,0.64,101934,0.052778,0.032222,2.3,0.0
3524400,296.75,0.63,101924,0.099722,0.033889,2.0,0.0
3528000,297.65,0.71,101674,0.09,0.032222,1.3,0.0
3531600,298.65,0.84,101282,0.101389,0.030278,1.7,0.0
3535200,300.55,0.84,101219,0.081389,0.029722,2.7,0.0
3538800,295.05,0.9,101374,0.014722,0.014722,2.0,0.0
3542400,294.05,0.9,101244,0.010833,0.010833,2.7,0.0
3546000,293.25,0.88,101420,0.012222,0.012222,3.0,0.0
3549600,294.55,0.93,101560,0.02,0.019167,2.3,0.0
3553200,296.65,0.91,101634,0.040278,0.033056,2.0,0.0
3556800,299.55,0.85,101535,0.066667,0.029167,1.0,0.0
3560400,299.65,0.86,101399,0.068333,0.034722,2.0,0.0
3564000,297.85,0.9,101498,0.018611,0.018333,2.0,0.0
3567600,295.45,0.89,101581,0.021667,0.019722,0.7,0.0
3571200,299.45,0.87,101502,0.061111,0.0325,1.7,0.0
3574800,299.75,0.86,101655,0.065278,0.03,1.3,0.0
3578400,298.05,0.68,101951,0.026389,0.025278,3.7,0.0
3582000,297.45,0.81,101881,0.021944,0.021389,2.0,0.0
3585600,297.95,0.81,101718,0.080278,0.031111,2.0,0.0
3589200,297.75,0.73,101731,0.098889,0.026944,0.7,0.0
3592800,297.15,0.65,101931,0.100556,0.026667,2.7,0.0
3596400,300.85,0.63,101479,0.144722,0.044444,1.7,0.0
3600000,300.95,0.6,101566,0.172778,0.033889,1.3,0.0
3603600,300.45,0.61,101595,0.166389,0.035556,2.0,0.0
3607200,300.65,0.58,101649,0.167778,0.033611,2.0,0.0
3610800,299.95,0.68,101572,0.170556,0.033056,2.0,0.0
3614400,299.95,0.73,101435,0.168333,0.033889,1.3,0.0
3618000,300.95,0.69,101509,0.1475,0.043333,2.3,0.0
3621600,300.95,0.7,101429,0.146667,0.041389,2.0,0.0
3625200,301.15,0.74,101266,0.141944,0.046944,2.0,0.0
3628800,293.95,0.9,101847,0.032222,0.031944,2.3,0.0
3632400,295.85,0.62,101980,0.086111,0.048333,2.7,0.0
3636000,297.65,0.58,101941,0.148611,0.044722,2.0,0.0
3639600,298.95,0.66,101691,0.146111,0.042222,1.7,0.0
3643200,300.15,0.77,101296,0.148889,0.040833,1.3,0.0
3646800,301.95,0.77,101249,0.119444,0.044444,3.3,0.0
3650400,295.05,0.9,101391,0.027222,0.025278,2.0,0.0
3654000,294.15,0.88,101290,0.016667,0.016667,3.3,0.0
3657600,294.05,0.84,101464,0.0225,0.021111,3.0,0.0
3661200,294.85,0.93,101604,0.030833,0.03,2.7,0.0
3664800,297.05,0.9,101671,0.061667,0.048056,2.0,0.0
3668400,300.85,0.78,101552,0.116389,0.041111,2.0,0.0
3672000,300.95,0.8,101439,0.090833,0.048611,2.0,0.0
3675600,298.25,0.89,101553,0.029444,0.028333,2.0,0.0
3679200,296.35,0.86,101594,0.028333,0.026111,0.3,0.0
3682800,300.65,0.81,101525,0.107778,0.046111,2.3,0.0
3686400,301.25,0.8,101682,0.098611,0.048333,1.7,0.0
3690000,298.45,0.67,101994,0.044722,0.040556,3.3,0.0
3693600,298.15,0.78,101904,0.037778,0.036667,2.0,0.0
3697200,298.85,0.73,101748,0.126389,0.041111,2.0,0.0
3700800,299.25,0.59,101765,0.152778,0.0325,1.3,0.0
3704400,298.95,0.52,101925,0.155556,0.0325,2.3,0.0
3708000,302.55,0.53,101509,0.191389,0.047778,2.0,0.0
3711600,302.85,0.49,101589,0.216389,0.038611,1.0,0.0
3715200,302.15,0.52,101609,0.208889,0.040833,2.0,0.0
3718800,302.35,0.49,101659,0.210556,0.0375,2.0,0.0
3722400,301.65,0.59,101569,0.212778,0.036667,2.0,0.0
3726000,301.75,0.66,101449,0.210833,0.037222,2.0,0.0
3729600,302.45,0.62,101529,0.181667,0.045,3.0,0.0
3733200,302.35,0.61,101459,0.164722,0.043333,2.0,0.0
3736800,302.35,0.68,101290,0.182222,0.053056,2.0,0.0
3740400,294.15,0.89,101897,0.045833,0.044167,2.0,0.0
3744000,296.35,0.6,102027,0.105278,0.058056,3.0,0.0
3747600,298.55,0.53,101958,0.1775,0.061667,2.0,0.0
3751200,300.35,0.61,101709,0.19,0.045,2.0,0.0
3754800,301.65,0.7,101309,0.1625,0.054722,1.0,0.0
3758400,303.35,0.71,101280,0.128056,0.056667,4.0,0.0
3762000,295.15,0.91,101407,0.036667,0.034722,2.0,0.0
3765600,294.35,0.86,101337,0.025278,0.025278,4.0,0.0
3769200,294.75,0.8,101507,0.034722,0.033056,3.0,0.0
3772800,295.15,0.92,101647,0.046389,0.042778,3.0,0.0
3776400,297.35,0.89,101708,0.091944,0.052778,2.0,0.0
3780000,302.25,0.71,101569,0.157222,0.055,3.0,0.0
3783600,302.25,0.74,101479,0.113611,0.06,2.0,0.0
3787200,298.55,0.88,101608,0.031944,0.030556,2.0,0.0
3790800,297.15,0.83,101608,0.062222,0.040278,0.0,0.0
3794400,301.85,0.77,101549,0.134167,0.057778,3.0,0.0
3798000,302.65,0.74,101709,0.109722,0.058889,2.0,0.0
3801600,298.85,0.65,102038,0.052778,0.048611,3.0,0.0
3805200,298.75,0.74,101928,0.051944,0.050833,2.0,0.0
3808800,299.65,0.66,101778,0.176389,0.043889,2.0,0.0
3812400,300.85,0.48,101799,0.195,0.036111,2.0,0.0
3816000,300.75,0.42,101919,0.198333,0.035556,2.0,0.0
3819600,303.15,0.49,101433,0.211389,0.052222,2.0,0.0
3823200,303.25,0.44,101516,0.241111,0.042778,1.7,0.0
3826800,302.85,0.47,101526,0.219444,0.047778,2.0,0.0
3830400,303.15,0.44,101573,0.238056,0.038611,1.7,0.0
3834000,302.45,0.55,101466,0.236667,0.039167,2.0,0.0
3837600,302.55,0.62,101370,0.228333,0.0425,2.0,0.0
3841200,303.25,0.56,101433,0.185833,0.048056,3.0,0.0
3844800,302.95,0.59,101353,0.190278,0.050278,2.3,0.0
3848400,303.15,0.63,101210,0.208333,0.062778,2.0,0.0
3852000,294.05,0.88,101827,0.059167,0.054722,2.3,0.0
3855600,297.25,0.56,101934,0.130278,0.060278,3.0,0.0
3859200,299.25,0.51,101861,0.175,0.073333,2.3,0.0
3862800,300.35,0.63,101612,0.191389,0.057222,1.7,0.0
3866400,302.65,0.65,101216,0.1675,0.071667,2.0,0.0
3870000,303.95,0.67,101187,0.135833,0.069722,3.3,0.0
3873600,295.25,0.91,101327,0.036389,0.035278,1.7,0.0
3877200,294.85,0.83,101281,0.025,0.025,3.3,0.0
3880800,295.25,0.78,101421,0.043611,0.043056,2.7,0.0
3884400,295.35,0.92,101561,0.063889,0.055,2.7,0.0
3888000,297.95,0.87,101608,0.094722,0.051111,2.3,0.0
3891600,303.05,0.68,101476,0.131111,0.055556,3.0,0.0
3895200,303.05,0.69,101360,0.140278,0.0725,1.7,0.0
3898800,299.25,0.85,101502,0.028056,0.027778,2.3,0.0
3902400,297.55,0.83,101511,0.095,0.058889,0.7,0.0
3906000,302.65,0.71,101456,0.161944,0.06,3.7,0.0
3909600,303.15,0.71,101629,0.109722,0.056944,2.3,0.0
3913200,298.65,0.66,101948,0.058611,0.053333,3.0,0.0
3916800,299.45,0.7,101828,0.065,0.061389,2.0,0.0
3920400,300.65,0.6,101665,0.208333,0.046111,2.0,0.0
3924000,301.55,0.45,101702,0.217222,0.04,2.7,0.0
3927600,301.25,0.39,101815,0.221111,0.037778,2.7,0.0
3931200,303.65,0.44,101357,0.205556,0.055556,2.0,0.0
3934800,303.65,0.39,101443,0.248056,0.041389,2.3,0.0
3938400,303.55,0.42,101443,0.215833,0.050278,2.0,0.0
3942000,303.95,0.4,101487,0.246389,0.038056,1.3,0.0
3945600,303.35,0.51,101363,0.240278,0.04,2.0,0.0
3949200,303.35,0.59,101290,0.211389,0.052222,2.0,0.0
3952800,303.95,0.5,101337,0.189167,0.049722,3.0,0.0
3956400,303.55,0.57,101247,0.201389,0.058611,2.7,0.0
3960000,303.85,0.58,101130,0.211944,0.066944,2.0,0.0
3963600,293.95,0.87,101757,0.068889,0.058611,2.7,0.0
3967200,298.05,0.53,101841,0.173056,0.06,3.0,0.0
3970800,299.95,0.49,101765,0.161111,0.071111,2.7,0.0
3974400,300.35,0.65,101515,0.154444,0.067222,1.3,0.0
3978000,303.75,0.61,101123,0.171389,0.073056,3.0,0.0
3981600,304.55,0.63,101094,0.138889,0.080833,2.7,0.0
3985200,295.45,0.92,101248,0.038333,0.0375,1.3,0.0
3988800,295.25,0.81,101224,0.029722,0.029444,2.7,0.0
3992400,295.75,0.76,101334,0.041944,0.041389,2.3,0.0
3996000,295.45,0.91,101474,0.071111,0.048333,2.3,0.0
3999600,298.55,0.85,101508,0.056111,0.042778,2.7,0.0
4003200,303.75,0.65,101383,0.084167,0.054167,3.0,0.0
4006800,303.85,0.65,101240,0.139167,0.078611,1.3,0.0
4010400,299.85,0.82,101395,0.055556,0.043889,2.7,0.0
4014000,297.95,0.84,101415,0.098333,0.070833,1.3,0.0
4017600,303.35,0.66,101363,0.185833,0.049722,4.3,0.0
4021200,303.65,0.68,101550,0.113611,0.064167,2.7,0.0
4024800,298.55,0.68,101858,0.069167,0.060833,3.0,0.0
4028400,300.05,0.67,101728,0.078889,0.065278,2.0,0.0
4032000,301.75,0.54,101552,0.202778,0.048611,2.0,0.0
4035600,302.15,0.42,101606,0.220833,0.04,3.3,0.0
4039200,301.65,0.37,101712,0.224722,0.038333,3.3,0.0
4042800,304.25,0.4,101280,0.185278,0.0525,2.0,0.0
4046400,304.05,0.36,101370,0.228889,0.041389,3.0,0.0
4050000,304.25,0.37,101360,0.185833,0.049444,2.0,0.0
4053600,304.75,0.36,101400,0.233056,0.037778,1.0,0.0
4057200,304.15,0.48,101260,0.223889,0.039167,2.0,0.0
4060800,304.15,0.55,101210,0.181944,0.056389,2.0,0.0
4064400,304.75,0.45,101240,0.189167,0.045278,3.0,0.0
4068000,304.15,0.55,101140,0.170278,0.072222,3.0,0.0
4071600,304.65,0.53,101050,0.204444,0.054167,2.0,0.0
4075200,293.85,0.87,101687,0.055278,0.045278,3.0,0.0
4078800,298.95,0.49,101748,0.160278,0.062778,3.0,0.0
4082400,300.65,0.48,101669,0.151667,0.072222,3.0,0.0
4086000,300.35,0.67,101419,0.116667,0.067778,1.0,0.0
4089600,304.75,0.57,101031,0.163333,0.060833,4.0,0.0
4093200,305.15,0.6,101001,0.145556,0.069444,2.0,0.0
4096800,295.55,0.92,101168,0.042778,0.042778,1.0,0.0
4100400,295.75,0.78,101168,0.033056,0.032778,2.0,0.0
4104000,296.25,0.73,101248,0.042778,0.040833,2.0,0.0
4107600,295.65,0.91,101387,0.066111,0.04,2.0,0.0
4111200,299.15,0.83,101409,0.049167,0.039722,3.0,0.0
4114800,304.55,0.63,101290,0.116111,0.061667,3.0,0.0
4118400,304.65,0.61,101120,0.112222,0.069167,1.0,0.0
4122000,300.55,0.79,101289,0.062222,0.05,3.0,0.0
4125600,298.35,0.84,101318,0.103333,0.065556,2.0,0.0
4129200,304.15,0.61,101270,0.166667,0.045556,5.0,0.0
4132800,304.15,0.64,101470,0.133056,0.068889,3.0,0.0
4136400,298.35,0.69,101768,0.065556,0.060278,3.0,0.0
4140000,300.75,0.63,101629,0.103889,0.061667,2.0,0.0
4143600,302.75,0.49,101440,0.183333,0.044722,2.0,0.0
4147200,302.85,0.39,101510,0.206389,0.036944,4.0,0.0
4150800,302.15,0.34,101609,0.208889,0.036667,4.0,0.0
4154400,304.45,0.39,101234,0.155833,0.048333,2.7,0.0
4158000,304.35,0.35,101307,0.19,0.043611,3.0,0.0
4161600,303.95,0.39,101317,0.148889,0.042222,2.0,0.0
4165200,304.85,0.36,101334,0.198889,0.035556,0.7,0.0
4168800,304.35,0.46,101197,0.182778,0.039722,2.0,0.0
4172400,304.25,0.58,101154,0.144167,0.050278,1.7,0.0
4176000,304.25,0.48,101217,0.158889,0.04,3.0,0.0
4179600,304.15,0.55,101080,0.1425,0.069722,2.7,0.0
4183200,304.85,0.53,100997,0.170556,0.044444,2.0,0.0
4186800,294.15,0.86,101663,0.041111,0.036944,2.7,0.0
4190400,299.05,0.5,101692,0.111667,0.054444,3.0,0.0
4194000,300.65,0.47,101612,0.121944,0.071667,3.0,0.0
4197600,300.45,0.67,101366,0.094444,0.063889,1.3,0.0
4201200,304.95,0.55,100981,0.144444,0.052778,3.3,0.0
4204800,305.45,0.59,100947,0.135278,0.049444,2.3,0.0
4208400,295.85,0.9,101108,0.035556,0.035278,1.0,0.0
4212000,295.75,0.78,101094,0.027778,0.027778,2.0,0.0
4215600,296.35,0.74,101201,0.036667,0.035,2.0,0.0
4219200,295.95,0.9,101351,0.041389,0.030833,2.0,0.0
4222800,299.55,0.82,101359,0.056944,0.044722,2.0,0.0
4226400,304.45,0.62,101214,0.128611,0.051389,3.0,0.0
4230000,303.25,0.66,101083,0.085,0.054722,1.3,0.0
4233600,299.95,0.81,101282,0.031944,0.030833,3.3,0.0
4237200,299.25,0.81,101259,0.085,0.050278,2.3,0.0
4240800,304.05,0.62,101230,0.131944,0.042778,4.7,0.0
4244400,304.05,0.64,101420,0.1125,0.0575,2.7,0.0
4248000,298.65,0.69,101718,0.050278,0.048611,2.7,0.0
4251600,300.75,0.64,101582,0.106944,0.055556,2.7,0.0
4255200,302.85,0.49,101406,0.157778,0.038056,2.3,0.0
4258800,302.85,0.39,101483,0.171944,0.033611,3.3,0.0
4262400,302.15,0.34,101563,0.172778,0.033333,3.7,0.0
4266000,304.65,0.38,101187,0.114722,0.0425,3.3,0.0
4269600,304.55,0.47,101244,0.140278,0.038333,3.0,0.0
4273200,303.55,0.41,101273,0.121389,0.031389,2.0,0.0
4276800,305.05,0.35,101267,0.148056,0.030833,0.3,0.0
4280400,304.45,0.44,101134,0.129722,0.037778,2.0,0.0
4284000,304.25,0.62,101097,0.096389,0.041944,1.3,0.0
4287600,303.65,0.51,101193,0.118333,0.031667,3.0,0.0
4291200,304.15,0.54,101020,0.097222,0.053056,2.3,0.0
4294800,304.95,0.53,100944,0.1225,0.037222,2.0,0.0
4298400,294.45,0.86,101640,0.044444,0.035,2.3,0.0
4302000,299.05,0.5,101635,0.086111,0.043333,3.0,0.0
4305600,300.65,0.45,101555,0.075833,0.056667,3.0,0.0
4309200,300.55,0.67,101312,0.069444,0.046111,1.7,0.0
4312800,305.05,0.54,100931,0.098889,0.042778,2.7,0.0
4316400,305.85,0.59,100894,0.074722,0.038056,2.7,0.0
4320000,296.05,0.88,101048,0.022778,0.022778,1.0,0.0
4323600,295.75,0.78,101021,0.024722,0.024722,2.0,0.0
4327200,296.55,0.74,101155,0.021111,0.020833,2.0,0.0
4330800,296.35,0.88,101314,0.026389,0.022778,2.0,0.0
4334400,299.95,0.82,101309,0.041667,0.035556,1.0,0.0
4338000,304.45,0.62,101137,0.086667,0.033056,3.0,0.0
4341600,301.75,0.72,101046,0.059444,0.04,1.7,0.0
4345200,299.35,0.82,101275,0.015556,0.015278,3.7,0.0
4348800,300.25,0.79,101199,0.0575,0.043056,2.7,0.0
4352400,303.85,0.63,101190,0.091667,0.031944,4.3,0.0
4356000,303.85,0.63,101370,0.063056,0.038333,2.3,0.0
4359600,299.05,0.69,101668,0.038889,0.036111,2.3,0.0
4363200,300.65,0.65,101535,0.084167,0.041389,3.3,0.0
4366800,303.05,0.48,101373,0.112222,0.031111,2.7,0.0
4370400,302.85,0.38,101456,0.121944,0.028333,2.7,0.0
4374000,302.15,0.35,101516,0.1225,0.028333,3.3,0.0
4377600,304.85,0.51,101140,0.068333,0.03,4.0,0.0
4381200,304.85,0.47,101180,0.080278,0.026111,3.0,0.0
4384800,303.25,0.43,101230,0.076389,0.025,2.0,0.0
4388400,305.15,0.35,101200,0.087222,0.023611,0.0,0.0
4392000,304.65,0.42,101070,0.073333,0.027222,2.0,0.0
4395600,304.35,0.51,101040,0.056667,0.0275,1.0,0.0
4399200,303.15,0.55,101170,0.069167,0.0225,3.0,0.0
4402800,304.15,0.53,100960,0.050833,0.035278,2.0,0.0
4406400,305.15,0.53,100891,0.068889,0.028056,2.0,0.0
4410000,294.75,0.85,101617,0.034167,0.023889,2.0,0.0
4413600,299.15,0.5,101578,0.056667,0.030833,3.0,0.0
4417200,300.65,0.44,101499,0.037778,0.033056,3.0,0.0
4420800,300.65,0.66,101259,0.04,0.026667,2.0,0.0
4424400,305.25,0.53,100881,0.0475,0.027222,2.0,0.0
4428000,306.15,0.78,100841,0.026944,0.0225,3.0,0.0
4431600,296.35,0.85,100988,0.014444,0.014444,1.0,0.0
4435200,295.75,0.78,100948,0.013056,0.013056,2.0,0.0
4438800,296.65,0.74,101108,0.014167,0.014167,2.0,0.0
4442400,296.65,0.87,101278,0.016944,0.014444,2.0,0.0
4446000,300.35,0.81,101259,0.021111,0.018333,0.0,0.0
4449600,304.35,0.61,101060,0.048333,0.021111,3.0,0.0
4453200,300.35,0.79,101009,0.026111,0.020556,2.0,0.0
4456800,298.75,0.84,101268,0.006111,0.005833,4.0,0.0
4460400,301.15,0.77,101139,0.032222,0.027222,3.0,0.0
4464000,303.75,0.64,101150,0.045,0.018333,4.0,0.0
4467600,303.75,0.63,101320,0.033056,0.019167,2.0,0.0
4471200,299.35,0.69,101618,0.027778,0.023056,2.0,0.0
4474800,300.65,0.66,101489,0.0525,0.022778,4.0,0.0
4478400,303.15,0.48,101340,0.058333,0.021389,3.0,0.0
4482000,302.85,0.51,101430,0.064167,0.019722,2.0,0.0
4485600,302.15,0.35,101469,0.064444,0.019444,3.0,0.0
4489200,303.75,0.64,101180,0.026944,0.0125,3.0,0.0
4492800,303.45,0.6,101210,0.028333,0.011389,2.7,0.0
4496400,302.65,0.65,101270,0.028333,0.0125,1.7,0.0
4500000,303.65,0.58,101230,0.031389,0.011111,0.0,0.0
4503600,303.25,0.65,101083,0.023611,0.011389,1.3,0.0
4507200,303.35,0.64,101067,0.0225,0.01,1.3,0.0
4510800,302.65,0.58,101146,0.0225,0.009722,3.0,0.0
4514400,303.15,0.57,100987,0.02,0.0125,2.3,0.0
4518000,304.05,0.57,100957,0.023611,0.011944,2.3,0.0
4521600,294.75,0.87,101640,0.010833,0.008333,2.0,0.0
4525200,298.55,0.54,101625,0.021944,0.0125,2.7,0.0
4528800,300.05,0.67,101535,0.0125,0.011389,2.7,0.0
4532400,300.05,0.71,101292,0.014722,0.010278,2.0,0.0
4536000,303.95,0.6,100947,0.013333,0.01,3.0,0.0
4539600,304.85,0.89,100887,0.006667,0.006667,3.0,0.0
4543200,296.25,0.85,101015,0.005,0.005,1.3,0.0
4546800,295.75,0.79,101011,0.003333,0.003333,2.0,0.0
4550400,296.25,0.76,101154,0.005278,0.005278,2.0,0.0
4554000,296.55,0.89,101334,0.005,0.004444,2.0,0.0
4557600,300.05,0.83,101292,0.006944,0.005833,0.0,0.0
4561200,303.35,0.67,101123,0.014167,0.008056,2.7,0.0
4564800,299.85,0.83,101092,0.005833,0.005,2.0,0.0
4568400,298.15,0.86,101262,0.001667,0.001667,4.3,0.0
4572000,300.35,0.8,101182,0.008611,0.008611,3.0,0.0
4575600,302.75,0.69,101203,0.0125,0.005833,3.3,0.0
4579200,302.85,0.68,101380,0.0075,0.006389,1.3,0.0
4582800,299.05,0.71,101658,0.009444,0.007222,2.0,0.0
4586400,299.95,0.71,101522,0.014444,0.0075,3.0,0.0
4590000,301.85,0.78,101379,0.016944,0.007778,2.0,0.0
4593600,301.75,0.67,101503,0.018056,0.0075,2.0,0.0
4597200,300.85,0.62,101509,0.018056,0.0075,2.7,0.0
4600800,302.55,0.68,101220,0.003611,0.001944,2.0,0.0
4604400,302.15,0.62,101240,0.003611,0.002222,2.3,0.0
4608000,301.95,0.51,101309,0.003333,0.001667,1.3,0.0
4611600,302.05,0.63,101260,0.003611,0.001944,0.0,0.0
4615200,301.75,0.53,101096,0.002778,0.001667,0.7,0.0
4618800,302.35,0.64,101093,0.002778,0.001667,1.7,0.0
4622400,302.05,0.62,101123,0.0025,0.001389,3.0,0.0
4626000,302.05,0.61,101013,0.002222,0.001667,2.7,0.0
4629600,303.05,0.62,101023,0.0025,0.001667,2.7,0.0
4633200,294.75,0.88,101664,0.000833,0.000833,2.0,0.0
4636800,297.95,0.58,101671,0.002222,0.001667,2.3,0.0
4640400,299.35,0.71,101572,0.001111,0.001111,2.3,0.0
4644000,299.45,0.76,101325,0.001389,0.001389,2.0,0.0
4647600,302.65,0.69,101013,0.001667,0.001111,4.0,0.0
4651200,303.65,0.7,100934,0.000833,0.000833,3.0,0.0
4654800,296.25,0.85,101041,0.000833,0.000833,1.7,0.0
4658400,295.65,0.8,101074,0.000278,0.000278,2.0,0.0
4662000,295.95,0.78,101201,0.000278,0.000278,2.0,0.0
4665600,296.45,0.9,101391,0.000556,0.000556,2.0,0.0
4669200,299.65,0.84,101325,0.000278,0.000278,0.0,0.0
4672800,302.25,0.73,101186,0.000833,0.000556,2.3,0.0
4676400,299.45,0.87,101175,0.000556,0.000278,2.0,0.0
4680000,297.55,0.88,101255,0.0,0.0,4.7,0.0
4683600,299.55,0.84,101225,0.000556,0.000556,3.0,0.0
4687200,301.85,0.74,101256,0.000833,0.000556,2.7,0.0
4690800,302.05,0.73,101439,0.000556,0.000556,0.7,0.0
4694400,298.65,0.73,101698,0.000556,0.000556,2.0,0.0
4698000,299.35,0.76,101555,0.000556,0.000556,2.0,0.0
4701600,300.65,0.6,101419,0.000556,0.000556,1.0,0.0
4705200,300.75,0.65,101576,0.000556,0.000556,2.0,0.0
4708800,298.15,0.59,101603,0.000556,0.000556,1.8,0.0
4712400,301.45,0.51,101259,0.0,0.0,1.0,0.0
4716000,300.75,0.64,101269,0.0,0.0,2.0,0.0
4719600,301.35,0.55,101349,0.0,0.0,1.0,0.0
4723200,300.55,0.5,101289,0.0,0.0,0.0,0.0
4726800,300.35,0.6,101109,0.0,0.0,0.0,0.0
4730400,301.35,0.63,101119,0.0,0.0,2.0,0.0
4734000,301.55,0.66,101100,0.0,0.0,3.0,0.0
4737600,301.05,0.65,101039,0.0,0.0,3.0,0.0
4741200,301.95,0.68,101090,0.0,0.0,3.0,0.0
4744800,294.75,0.9,101687,0.0,0.0,2.0,0.0
4748400,297.35,0.63,101718,0.0,0.0,2.0,0.0
4752000,298.75,0.58,101608,0.0,0.0,2.0,0.0
4755600,298.85,0.81,101358,0.0,0.0,2.0,0.0
4759200,301.35,0.78,101079,0.0,0.0,5.0,0.0
4762800,302.35,0.76,100980,0.0,0.0,3.0,0.0
4766400,296.15,0.84,101068,0.0,0.0,2.0,0.0
4770000,295.65,0.82,101138,0.0,0.0,2.0,0.0
4773600,295.55,0.8,101248,0.0,0.0,2.0,0.0
4777200,296.35,0.92,101448,0.0,0.0,2.0,0.0
4780800,299.35,0.86,101359,0.0,0.0,0.0,0.0
4784400,301.25,0.79,101249,0.0,0.0,2.0,0.0
4788000,298.95,0.91,101259,0.0,0.0,2.0,0.0
4791600,296.95,0.9,101248,0.0,0.0,5.0,0.0
4795200,298.75,0.88,101269,0.0,0.0,3.0,0.0
4798800,300.85,0.79,101309,0.0,0.0,2.0,0.0
4802400,301.15,0.79,101499,0.0,0.0,0.0,0.0
4806000,298.35,0.75,101738,0.0,0.0,2.0,0.0
4809600,298.65,0.81,101588,0.0,0.0,1.0,0.0
4813200,299.35,0.67,101459,0.0,0.0,0.0,0.0
4816800,299.65,0.52,101648,0.0,0.0,2.0,0.0
4820400,297.45,0.6,101638,0.0,0.0,1.5,0.0
4824000,300.65,0.57,101329,0.0,0.0,1.3,0.0
4827600,300.15,0.52,101342,0.0,0.0,1.7,0.0
4831200,300.85,0.61,101426,0.0,0.0,1.0,0.0
4834800,300.05,0.53,101312,0.0,0.0,0.0,0.0
4838400,299.65,0.66,101166,0.0,0.0,0.0,0.0
4842000,300.85,0.66,101196,0.0,0.0,2.0,0.0
4845600,300.65,0.72,101179,0.0,0.0,3.0,0.0
4849200,300.45,0.7,101109,0.0,0.0,2.7,0.0
4852800,301.45,0.72,101149,0.0,0.0,2.7,0.0
4856400,294.85,0.86,101734,0.0,0.0,2.0,0.0
4860000,297.15,0.67,101771,0.0,0.0,1.7,0.0
4863600,298.45,0.61,101651,0.0,0.0,2.0,0.0
4867200,298.65,0.82,101385,0.0,0.0,2.3,0.0
4870800,300.85,0.81,101119,0.0,0.0,4.3,0.0
4874400,301.85,0.79,101076,0.0,0.0,2.7,0.0
4878000,295.85,0.86,101124,0.0,0.0,1.7,0.0
4881600,295.65,0.79,101188,0.0,0.0,2.0,0.0
4885200,295.55,0.8,101266,0.0,0.0,2.2,0.0
4888800,296.35,0.91,101501,0.0,0.0,2.0,0.0
4892400,299.05,0.88,101405,0.0,0.0,0.0,0.0
4896000,300.75,0.82,101302,0.0,0.0,2.0,0.0
4899600,298.85,0.92,101292,0.0,0.0,1.7,0.0
4903200,296.55,0.89,101351,0.0,0.0,4.3,0.0
4906800,298.65,0.89,101328,0.0,0.0,2.7,0.0
4910400,300.45,0.82,101366,0.0,0.0,2.0,0.0
4914000,300.35,0.8,101569,0.0,0.0,0.7,0.0
4917600,298.15,0.76,101778,0.0,0.0,1.7,0.0
4921200,298.35,0.81,101608,0.0,0.0,1.0,0.0
4924800,299.15,0.71,101508,0.0,0.0,0.7,0.0
4928400,299.55,0.57,101705,0.0,0.0,2.0,0.0
4932000,296.95,0.65,101651,0.0,0.0,1.2,0.0
4935600,299.95,0.64,101399,0.0,0.0,1.7,0.0
4939200,299.45,0.6,101415,0.0,0.0,1.3,0.0
4942800,300.45,0.67,101502,0.0,0.0,1.0,0.0
4946400,299.55,0.56,101335,0.0,0.0,0.0,0.0
4950000,298.85,0.73,101222,0.0,0.0,0.0,0.0
4953600,300.25,0.7,101272,0.0,0.0,2.0,0.0
4957200,299.65,0.78,101259,0.0,0.0,3.0,0.0
4960800,299.75,0.76,101179,0.0,0.0,2.3,0.0
4964400,301.05,0.77,101209,0.0,0.0,2.3,0.0
4968000,294.85,0.82,101780,0.0,0.0,2.0,0.0
4971600,296.85,0.7,101824,0.0,0.0,1.3,0.0
4975200,298.15,0.65,101695,0.0,0.0,2.0,0.0
4978800,298.35,0.85,101412,0.0,0.0,2.7,0.0
4982400,300.35,0.84,101159,0.0,0.0,3.7,0.0
4986000,301.35,0.83,101173,0.0,0.0,2.3,0.0
4989600,295.65,0.87,101181,0.0,0.0,1.3,0.0
4993200,295.75,0.76,101238,0.0,0.0,2.0,0.0
4996800,295.45,0.81,101284,0.0,0.0,2.3,0.0
5000400,296.35,0.9,101554,0.0,0.0,2.0,0.0
5004000,298.65,0.9,101452,0.0,0.0,0.0,0.0
5007600,300.35,0.86,101356,0.0,0.0,2.0,0.0
5011200,298.65,0.93,101325,0.0,0.0,1.3,0.0
5014800,296.15,0.88,101454,0.0,0.0,3.7,0.0
5018400,298.45,0.9,101388,0.0,0.0,2.3,0.0
5022000,300.05,0.85,101422,0.0,0.0,2.0,0.0
5025600,299.65,0.8,101638,0.0,0.0,1.3,0.0
5029200,297.85,0.76,101818,0.0,0.0,1.3,0.0
5032800,298.15,0.82,101628,0.0,0.0,1.0,0.0
5036400,298.85,0.75,101558,0.0,0.0,1.3,0.0
5040000,299.45,0.61,101762,0.0,0.0,2.0,0.0
5043600,295.95,0.74,101696,0.0,0.0,1.3,0.0
5047200,299.15,0.72,101468,0.0,0.0,2.0,0.0
5050800,298.85,0.68,101488,0.0,0.0,1.0,0.0
5054400,299.95,0.74,101579,0.0,0.0,1.0,0.0
5058000,299.15,0.6,101359,0.0,0.0,0.0,0.0
5061600,298.15,0.8,101278,0.0,0.0,0.0,0.0
5065200,299.75,0.74,101349,0.0,0.0,2.0,0.0
5068800,298.75,0.85,101338,0.0,0.0,3.0,0.0
5072400,299.15,0.82,101249,0.0,0.0,2.0,0.0
5076000,300.55,0.81,101269,0.0,0.0,2.0,0.0
5079600,294.95,0.79,101827,0.0,0.0,2.0,0.0
5083200,296.65,0.74,101877,0.0,0.0,1.0,0.0
5086800,297.85,0.69,101738,0.0,0.0,2.0,0.0
5090400,298.15,0.87,101438,0.0,0.0,3.0,0.0
5094000,299.85,0.88,101199,0.0,0.0,3.0,0.0
5097600,300.85,0.86,101269,0.0,0.0,2.0,0.0
5101200,295.35,0.89,101237,0.0,0.0,1.0,0.0
5104800,295.75,0.74,101288,0.0,0.0,2.0,0.0
5108400,295.35,0.81,101302,0.0,0.0,2.5,0.0
5112000,296.35,0.9,101607,0.0,0.0,2.0,0.0
5115600,298.35,0.91,101498,0.0,0.0,0.0,0.0
5119200,299.85,0.89,101409,0.0,0.0,2.0,0.0
5122800,298.55,0.93,101358,0.0,0.0,1.0,0.0
5126400,295.75,0.87,101557,0.0,0.0,3.0,0.0
5130000,298.35,0.91,101448,0.0,0.0,2.0,0.0
5133600,299.65,0.88,101479,0.0,0.0,2.0,0.0
5137200,298.85,0.8,101708,0.0,0.0,2.0,0.0
5140800,297.65,0.77,101858,0.0,0.0,1.0,0.0
5144400,297.85,0.83,101648,0.0,0.0,1.0,0.0
5148000,298.65,0.79,101608,0.0,0.0,2.0,0.0
5151600,299.35,0.66,101818,0.0,0.0,2.0,0.0
5155200,295.15,0.83,101727,0.0,0.0,1.5,0.0
5158800,298.65,0.75,101452,0.0,0.0,1.7,0.0
5162400,298.35,0.71,101465,0.0,0.0,1.0,0.0
5166000,299.55,0.76,101555,0.0,0.0,0.7,0.0
5169600,298.65,0.64,101382,0.0,0.0,0.0,0.0
5173200,297.75,0.82,101275,0.0,0.0,0.0,0.0
5176800,299.45,0.74,101349,0.0,0.0,2.0,0.0
5180400,298.75,0.84,101335,0.0,0.0,2.7,0.0
5184000,298.95,0.82,101235,0.0,0.0,1.7,0.0
5187600,298.65,0.84,101322,0.0,0.0,2.7,0.0
5191200,295.05,0.76,101810,0.0,0.0,2.3,0.0
5194800,296.65,0.74,101874,0.0,0.0,1.0,0.0
5198400,297.45,0.73,101711,0.0,0.0,1.7,0.0
5202000,298.05,0.87,101401,0.0,0.0,2.7,0.0
5205600,299.65,0.88,101199,0.0,0.0,2.7,0.0
5209200,299.35,0.87,101242,0.0,0.0,2.7,0.0
5212800,295.15,0.9,101197,0.0,0.0,1.0,0.0
5216400,295.25,0.77,101257,0.0,0.0,2.3,0.0
5220000,295.35,0.82,101321,0.0,0.0,2.7,0.0
5223600,296.25,0.9,101574,0.0,0.0,2.0,0.0
5227200,298.25,0.92,101438,0.0,0.0,0.0,0.0
5230800,299.55,0.9,101382,0.0,0.0,2.0,0.0
5234400,297.95,0.93,101355,0.0,0.0,1.3,0.0
5238000,295.45,0.89,101537,0.0,0.0,2.3,0.0
5241600,298.15,0.92,101425,0.0,0.0,1.3,0.0
5245200,299.35,0.89,101462,0.0,0.0,2.0,0.0
5248800,298.55,0.78,101711,0.0,0.0,2.3,0.0
5252400,297.25,0.8,101814,0.0,0.0,1.3,0.0
5256000,297.65,0.85,101624,0.0,0.0,1.3,0.0
5259600,297.85,0.82,101591,0.0,0.0,1.3,0.0
5263200,299.15,0.63,101798,0.0,0.0,2.3,0.0
5266800,294.45,0.92,101742,0.0,0.0,1.7,0.0
